,day,cash,portfolio,equity,positions,current,date
0,70,286837.0,713163.0,1000000.0,5,"['ACE.NS-1228-1136', 'VMARCIND.NS-249-231', 'GENUSPOWER.NS-275-255', 'APCOTEXIND.NS-322-298', 'GRSE.NS-1603-1483']",2025-04-11
1,71,121.25432872772217,1018585.5773515701,1018706.8316802979,7,"['ACE.NS-1245-1153', 'VMARCIND.NS-254-236', 'GENUSPOWER.NS-289-268', 'APCOTEXIND.NS-318-298', 'GRSE.NS-1686-1561', 'IOC.NS-124-116', 'IBULLSLTD.NS-15-15']",2025-04-15
2,72,121.25432872772217,1021244.6030893326,1021365.8574180603,7,"['ACE.NS-1243-1153', 'VMARCIND.NS-259-241', 'GENUSPOWER.NS-285-268', 'APCOTEXIND.NS-319-298', 'GRSE.NS-1709-1582', 'IOC.NS-125-117', 'IBULLSLTD.NS-15-15']",2025-04-16
3,73,121.25432872772217,1028344.5574378967,1028465.8117666245,7,"['ACE.NS-1228-1153', 'VMARCIND.NS-264-245', 'GENUSPOWER.NS-290-269', 'APCOTEXIND.NS-321-298', 'GRSE.NS-1702-1582', 'IOC.NS-125-117', 'IBULLSLTD.NS-15-15']",2025-04-17
4,74,121.25432872772217,1051581.652712822,1051702.9070415497,7,"['ACE.NS-1262-1169', 'VMARCIND.NS-269-250', 'GENUSPOWER.NS-302-280', 'APCOTEXIND.NS-320-298', 'GRSE.NS-1728-1599', 'IOC.NS-130-121', 'IBULLSLTD.NS-15-15']",2025-04-21
5,75,121.25432872772217,1055933.424501419,1056054.6788301468,7,"['ACE.NS-1253-1169', 'VMARCIND.NS-275-255', 'GENUSPOWER.NS-313-290', 'APCOTEXIND.NS-321-298', 'GRSE.NS-1722-1599', 'IOC.NS-129-121', 'IBULLSLTD.NS-15-15']",2025-04-22
6,76,121.25432872772217,1054565.4884548187,1054686.7427835464,7,"['ACE.NS-1243-1169', 'VMARCIND.NS-280-260', 'GENUSPOWER.NS-319-296', 'APCOTEXIND.NS-320-298', 'GRSE.NS-1722-1599', 'IOC.NS-129-121', 'IBULLSLTD.NS-14-15']",2025-04-23
7,77,121.25432872772217,1055259.0582342148,1055380.3125629425,7,"['ACE.NS-1241-1169', 'VMARCIND.NS-286-265', 'GENUSPOWER.NS-312-296', 'APCOTEXIND.NS-315-298', 'GRSE.NS-1717-1599', 'IOC.NS-129-121', 'IBULLSLTD.NS-15-15']",2025-04-24
8,78,29.511646270751953,1021982.170501709,1022011.6821479797,7,"['ACE.NS-1200-1169', 'VMARCIND.NS-292-271', 'GENUSPOWER.NS-296-296', 'APCOTEXIND.NS-305-298', 'GRSE.NS-1605-1599', 'IOC.NS-126-121', 'CHENNPETRO.NS-621-575']",2025-04-25
9,79,29.511646270751953,1036382.2546691895,1036411.7663154602,7,"['ACE.NS-1203-1169', 'VMARCIND.NS-297-276', 'GENUSPOWER.NS-296-296', 'APCOTEXIND.NS-303-298', 'GRSE.NS-1737-1608', 'IOC.NS-128-121', 'CHENNPETRO.NS-611-575']",2025-04-28
10,80,29.511646270751953,1047248.0865631104,1047277.5982093811,7,"['ACE.NS-1211-1169', 'VMARCIND.NS-291-276', 'GENUSPOWER.NS-290-296', 'APCOTEXIND.NS-301-298', 'GRSE.NS-1944-1799', 'IOC.NS-127-121', 'CHENNPETRO.NS-610-575']",2025-04-29
11,81,146268.3893623352,886367.1570739746,1032635.5464363098,6,"['ACE.NS-1166-1169', 'VMARCIND.NS-291-276', 'APCOTEXIND.NS-297-298', 'GRSE.NS-1903-1799', 'IOC.NS-129-121', 'CHENNPETRO.NS-603-575']",2025-04-30
12,82,118.67915725708008,1032379.2930908203,1032497.9722480774,7,"['ACE.NS-1165-1169', 'VMARCIND.NS-286-276', 'APCOTEXIND.NS-297-298', 'GRSE.NS-1867-1799', 'IOC.NS-134-125', 'CHENNPETRO.NS-606-575', 'APTUS.NS-312-289']",2025-05-02
13,83,118.67915725708008,1056126.5430908203,1056245.2222480774,7,"['ACE.NS-1193-1169', 'VMARCIND.NS-291-276', 'APCOTEXIND.NS-303-298', 'GRSE.NS-1916-1799', 'IOC.NS-139-129', 'CHENNPETRO.NS-616-575', 'APTUS.NS-317-294']",2025-05-05
14,84,118.67915725708008,1031415.010559082,1031533.6897163391,7,"['ACE.NS-1156-1169', 'VMARCIND.NS-297-276', 'APCOTEXIND.NS-296-298', 'GRSE.NS-1820-1799', 'IOC.NS-135-129', 'CHENNPETRO.NS-598-575', 'APTUS.NS-309-294']",2025-05-06
15,85,118.67915725708008,1047726.5444335938,1047845.2235908508,7,"['ACE.NS-1173-1169', 'VMARCIND.NS-303-281', 'APCOTEXIND.NS-321-298', 'GRSE.NS-1780-1799', 'IOC.NS-135-129', 'CHENNPETRO.NS-605-575', 'APTUS.NS-312-294']",2025-05-07
16,86,118.67915725708008,1044686.7944030762,1044805.4735603333,7,"['ACE.NS-1173-1169', 'VMARCIND.NS-309-287', 'APCOTEXIND.NS-318-298', 'GRSE.NS-1764-1799', 'IOC.NS-132-129', 'CHENNPETRO.NS-596-575', 'APTUS.NS-317-294']",2025-05-08
17,87,118.67915725708008,1038127.2425842285,1038245.9217414856,7,"['ACE.NS-1148-1169', 'VMARCIND.NS-315-293', 'APCOTEXIND.NS-318-298', 'GRSE.NS-1782-1799', 'IOC.NS-131-129', 'CHENNPETRO.NS-582-575', 'APTUS.NS-307-294']",2025-05-09
18,88,118.67915725708008,1064894.2416992188,1065012.9208564758,7,"['ACE.NS-1205-1169', 'VMARCIND.NS-322-298', 'APCOTEXIND.NS-323-300', 'GRSE.NS-1808-1799', 'IOC.NS-133-129', 'CHENNPETRO.NS-609-575', 'APTUS.NS-314-294']",2025-05-12
19,89,118.67915725708008,1076473.4735412598,1076592.1526985168,7,"['ACE.NS-1222-1169', 'VMARCIND.NS-328-304', 'APCOTEXIND.NS-321-300', 'GRSE.NS-1901-1799', 'IOC.NS-132-129', 'CHENNPETRO.NS-611-575', 'APTUS.NS-312-294']",2025-05-13
20,90,118.67915725708008,1103018.1062011719,1103136.785358429,7,"['ACE.NS-1213-1169', 'VMARCIND.NS-323-304', 'APCOTEXIND.NS-326-303', 'GRSE.NS-2172-2010', 'IOC.NS-134-129', 'CHENNPETRO.NS-617-575', 'APTUS.NS-314-294']",2025-05-14
21,91,118.67915725708008,1116486.3388061523,1116605.0179634094,7,"['ACE.NS-1220-1169', 'VMARCIND.NS-317-304', 'APCOTEXIND.NS-332-308', 'GRSE.NS-2243-2075', 'IOC.NS-135-129', 'CHENNPETRO.NS-630-584', 'APTUS.NS-319-296']",2025-05-15
22,92,118.67915725708008,1137645.8279418945,1137764.5070991516,7,"['ACE.NS-1256-1169', 'VMARCIND.NS-310-304', 'APCOTEXIND.NS-330-308', 'GRSE.NS-2464-2280', 'IOC.NS-135-129', 'CHENNPETRO.NS-636-590', 'APTUS.NS-321-298']",2025-05-16
23,93,118.67915725708008,1147048.906463623,1147167.5856208801,7,"['ACE.NS-1275-1180', 'VMARCIND.NS-316-304', 'APCOTEXIND.NS-332-308', 'GRSE.NS-2465-2281', 'IOC.NS-135-129', 'CHENNPETRO.NS-642-595', 'APTUS.NS-324-301']",2025-05-19
24,94,118.67915725708008,1139462.5920410156,1139581.2711982727,7,"['ACE.NS-1240-1180', 'VMARCIND.NS-321-304', 'APCOTEXIND.NS-334-310', 'GRSE.NS-2377-2281', 'IOC.NS-133-129', 'CHENNPETRO.NS-664-615', 'APTUS.NS-322-301']",2025-05-20
25,95,118.67915725708008,1158580.8442077637,1158699.5233650208,7,"['ACE.NS-1264-1180', 'VMARCIND.NS-320-304', 'APCOTEXIND.NS-337-313', 'GRSE.NS-2483-2297', 'IOC.NS-134-129', 'CHENNPETRO.NS-680-630', 'APTUS.NS-325-301']",2025-05-21
26,96,118.67915725708008,1184394.389678955,1184513.0688362122,7,"['ACE.NS-1267-1180', 'VMARCIND.NS-318-304', 'APCOTEXIND.NS-343-318', 'GRSE.NS-2736-2532', 'IOC.NS-134-129', 'CHENNPETRO.NS-673-630', 'APTUS.NS-331-307']",2025-05-22
27,97,118.67915725708008,1187610.8843688965,1187729.5635261536,7,"['ACE.NS-1289-1193', 'VMARCIND.NS-318-304', 'APCOTEXIND.NS-340-318', 'GRSE.NS-2761-2555', 'IOC.NS-135-129', 'CHENNPETRO.NS-670-630', 'APTUS.NS-330-307']",2025-05-23
28,98,118.67915725708008,1198508.7089538574,1198627.3881111145,7,"['ACE.NS-1352-1251', 'VMARCIND.NS-319-304', 'APCOTEXIND.NS-347-322', 'GRSE.NS-2708-2555', 'IOC.NS-134-129', 'CHENNPETRO.NS-676-630', 'APTUS.NS-338-314']",2025-05-26
29,99,118.67915725708008,1195764.4072875977,1195883.0864448547,7,"['ACE.NS-1298-1251', 'VMARCIND.NS-313-304', 'APCOTEXIND.NS-349-323', 'GRSE.NS-2795-2586', 'IOC.NS-134-129', 'CHENNPETRO.NS-673-630', 'APTUS.NS-337-314']",2025-05-27
30,100,118.67915725708008,1204695.3113708496,1204813.9905281067,7,"['ACE.NS-1245-1251', 'VMARCIND.NS-319-304', 'APCOTEXIND.NS-343-323', 'GRSE.NS-2871-2657', 'IOC.NS-135-129', 'CHENNPETRO.NS-708-656', 'APTUS.NS-334-314']",2025-05-28
31,101,118.67915725708008,1230923.9969177246,1231042.6760749817,7,"['ACE.NS-1244-1251', 'VMARCIND.NS-325-304', 'APCOTEXIND.NS-362-336', 'GRSE.NS-3068-2839', 'IOC.NS-134-129', 'CHENNPETRO.NS-710-658', 'APTUS.NS-327-314']",2025-05-29
32,102,118.67915725708008,1215507.0214233398,1215625.700580597,7,"['ACE.NS-1246-1251', 'VMARCIND.NS-332-308', 'APCOTEXIND.NS-355-336', 'GRSE.NS-2982-2839', 'IOC.NS-133-129', 'CHENNPETRO.NS-665-658', 'APTUS.NS-335-314']",2025-05-30
33,103,118.67915725708008,1215103.5448608398,1215222.224018097,7,"['ACE.NS-1259-1251', 'VMARCIND.NS-329-308', 'APCOTEXIND.NS-367-341', 'GRSE.NS-2945-2839', 'IOC.NS-134-129', 'CHENNPETRO.NS-656-658', 'APTUS.NS-331-314']",2025-06-02
34,104,118.67915725708008,1208358.6650390625,1208477.3441963196,7,"['ACE.NS-1250-1251', 'VMARCIND.NS-323-308', 'APCOTEXIND.NS-369-343', 'GRSE.NS-3128-2894', 'IOC.NS-132-129', 'CHENNPETRO.NS-641-658', 'APTUS.NS-302-314']",2025-06-03
35,105,37.82381057739258,1230007.3734436035,1230045.197254181,7,"['ACE.NS-1263-1251', 'VMARCIND.NS-319-308', 'APCOTEXIND.NS-375-348', 'GRSE.NS-3333-3084', 'IOC.NS-131-129', 'BORORENEW.NS-545-505', 'WHEELS.NS-728-675']",2025-06-04
36,106,37.82381057739258,1233872.7986450195,1233910.622455597,7,"['ACE.NS-1249-1251', 'VMARCIND.NS-318-308', 'APCOTEXIND.NS-372-348', 'GRSE.NS-3381-3129', 'IOC.NS-130-129', 'BORORENEW.NS-561-520', 'WHEELS.NS-731-677']",2025-06-05
37,107,37.82381057739258,1219512.62210083,1219550.4459114075,7,"['ACE.NS-1239-1251', 'VMARCIND.NS-319-308', 'APCOTEXIND.NS-364-348', 'GRSE.NS-3229-3129', 'IOC.NS-132-129', 'BORORENEW.NS-569-527', 'WHEELS.NS-729-677']",2025-06-06
38,108,37.82381057739258,1232542.7029418945,1232580.526752472,7,"['ACE.NS-1260-1251', 'VMARCIND.NS-319-308', 'APCOTEXIND.NS-373-348', 'GRSE.NS-3248-3129', 'IOC.NS-134-129', 'BORORENEW.NS-565-527', 'WHEELS.NS-745-690']",2025-06-09
39,109,37.82381057739258,1232529.4524536133,1232567.2762641907,7,"['ACE.NS-1249-1251', 'VMARCIND.NS-313-308', 'APCOTEXIND.NS-378-351', 'GRSE.NS-3212-3129', 'IOC.NS-133-129', 'BORORENEW.NS-588-545', 'WHEELS.NS-750-695']",2025-06-10
40,110,37.82381057739258,1219902.7818603516,1219940.605670929,7,"['ACE.NS-1254-1251', 'VMARCIND.NS-317-308', 'APCOTEXIND.NS-371-351', 'GRSE.NS-3076-3129', 'IOC.NS-136-129', 'BORORENEW.NS-576-545', 'WHEELS.NS-747-695']",2025-06-11
41,111,37.82381057739258,1195069.1676940918,1195106.9915046692,7,"['ACE.NS-1226-1251', 'VMARCIND.NS-311-308', 'APCOTEXIND.NS-376-351', 'GRSE.NS-2957-3129', 'IOC.NS-134-129', 'BORORENEW.NS-563-545', 'WHEELS.NS-729-695']",2025-06-12
42,112,295.2329902648926,1195004.8652954102,1195300.098285675,7,"['VMARCIND.NS-309-308', 'APCOTEXIND.NS-376-351', 'GRSE.NS-3047-3129', 'IOC.NS-131-129', 'BORORENEW.NS-557-545', 'WHEELS.NS-733-695', 'SAILIFE.NS-770-713']",2025-06-13
43,113,328.6947822570801,1183223.295288086,1183551.990070343,7,"['VMARCIND.NS-293-308', 'APCOTEXIND.NS-374-351', 'IOC.NS-133-129', 'BORORENEW.NS-549-545', 'WHEELS.NS-733-695', 'SAILIFE.NS-763-713', 'LODHA.NS-1465-1356']",2025-06-16
44,114,377.5015754699707,1173946.7139892578,1174324.2155647278,7,"['APCOTEXIND.NS-375-351', 'IOC.NS-132-129', 'BORORENEW.NS-539-545', 'WHEELS.NS-738-695', 'SAILIFE.NS-750-713', 'LODHA.NS-1441-1356', 'NUVAMA.NS-1451-1343']",2025-06-17
45,115,412.25908279418945,1167897.9592895508,1168310.218372345,7,"['APCOTEXIND.NS-379-352', 'IOC.NS-132-129', 'WHEELS.NS-736-695', 'SAILIFE.NS-738-713', 'LODHA.NS-1438-1356', 'NUVAMA.NS-1427-1343', 'MANYAVAR.NS-802-742']",2025-06-18
46,116,412.25908279418945,1148765.3227844238,1149177.581867218,7,"['APCOTEXIND.NS-377-352', 'IOC.NS-130-129', 'WHEELS.NS-727-695', 'SAILIFE.NS-728-713', 'LODHA.NS-1420-1356', 'NUVAMA.NS-1367-1343', 'MANYAVAR.NS-790-742']",2025-06-19
47,117,412.25908279418945,1169420.1241760254,1169832.3832588196,7,"['APCOTEXIND.NS-381-353', 'IOC.NS-130-129', 'WHEELS.NS-743-695', 'SAILIFE.NS-765-713', 'LODHA.NS-1478-1368', 'NUVAMA.NS-1350-1343', 'MANYAVAR.NS-792-742']",2025-06-20
48,118,412.25908279418945,1167966.7184753418,1168378.977558136,7,"['APCOTEXIND.NS-379-353', 'IOC.NS-131-129', 'WHEELS.NS-733-695', 'SAILIFE.NS-754-713', 'LODHA.NS-1468-1368', 'NUVAMA.NS-1385-1343', 'MANYAVAR.NS-791-742']",2025-06-23
49,119,412.25908279418945,1172244.6755981445,1172656.9346809387,7,"['APCOTEXIND.NS-381-354', 'IOC.NS-133-129', 'WHEELS.NS-736-695', 'SAILIFE.NS-746-713', 'LODHA.NS-1465-1368', 'NUVAMA.NS-1403-1343', 'MANYAVAR.NS-787-742']",2025-06-24
50,120,412.25908279418945,1183997.1399230957,1184409.39900589,7,"['APCOTEXIND.NS-383-356', 'IOC.NS-133-129', 'WHEELS.NS-753-698', 'SAILIFE.NS-759-713', 'LODHA.NS-1451-1368', 'NUVAMA.NS-1472-1363', 'MANYAVAR.NS-791-742']",2025-06-25
51,121,412.25908279418945,1195800.5289611816,1196212.7880439758,7,"['APCOTEXIND.NS-386-358', 'IOC.NS-137-129', 'WHEELS.NS-760-704', 'SAILIFE.NS-748-713', 'LODHA.NS-1436-1368', 'NUVAMA.NS-1550-1435', 'MANYAVAR.NS-793-742']",2025-06-26
52,122,412.25908279418945,1207973.8497009277,1208386.108783722,7,"['APCOTEXIND.NS-386-358', 'IOC.NS-138-129', 'WHEELS.NS-774-717', 'SAILIFE.NS-764-713', 'LODHA.NS-1417-1368', 'NUVAMA.NS-1626-1505', 'MANYAVAR.NS-795-742']",2025-06-27
53,123,412.25908279418945,1209352.8406677246,1209765.0997505188,7,"['APCOTEXIND.NS-392-364', 'IOC.NS-137-129', 'WHEELS.NS-796-738', 'SAILIFE.NS-773-716', 'LODHA.NS-1379-1368', 'NUVAMA.NS-1615-1505', 'MANYAVAR.NS-802-743']",2025-06-30
54,124,412.25908279418945,1213376.9099121094,1213789.1689949036,7,"['APCOTEXIND.NS-389-364', 'IOC.NS-138-129', 'WHEELS.NS-803-744', 'SAILIFE.NS-779-722', 'LODHA.NS-1386-1368', 'NUVAMA.NS-1621-1505', 'MANYAVAR.NS-805-746']",2025-07-01
55,125,412.25908279418945,1208685.0596923828,1209097.318775177,7,"['APCOTEXIND.NS-388-364', 'IOC.NS-138-129', 'WHEELS.NS-795-744', 'SAILIFE.NS-789-730', 'LODHA.NS-1394-1368', 'NUVAMA.NS-1583-1505', 'MANYAVAR.NS-795-746']",2025-07-02
56,126,412.25908279418945,1203952.1192016602,1204364.3782844543,7,"['APCOTEXIND.NS-389-364', 'IOC.NS-138-129', 'WHEELS.NS-787-744', 'SAILIFE.NS-789-731', 'LODHA.NS-1364-1368', 'NUVAMA.NS-1604-1505', 'MANYAVAR.NS-792-746']",2025-07-03
57,127,412.25908279418945,1197299.2938232422,1197711.5529060364,7,"['APCOTEXIND.NS-392-364', 'IOC.NS-142-132', 'WHEELS.NS-804-745', 'SAILIFE.NS-792-734', 'LODHA.NS-1363-1368', 'NUVAMA.NS-1424-1505', 'MANYAVAR.NS-818-758']",2025-07-04
58,128,65.46904373168945,1200691.6048583984,1200757.0739021301,7,"['APCOTEXIND.NS-392-364', 'IOC.NS-144-134', 'WHEELS.NS-783-745', 'SAILIFE.NS-793-735', 'LODHA.NS-1372-1368', 'MANYAVAR.NS-805-758', 'PNGJL.NS-609-565']",2025-07-07
59,129,65.46904373168945,1197164.344329834,1197229.8133735657,7,"['APCOTEXIND.NS-394-365', 'IOC.NS-144-134', 'WHEELS.NS-783-745', 'SAILIFE.NS-786-735', 'LODHA.NS-1370-1368', 'MANYAVAR.NS-800-758', 'PNGJL.NS-603-565']",2025-07-08
60,130,65.46904373168945,1191047.9974060059,1191113.4664497375,7,"['APCOTEXIND.NS-393-365', 'IOC.NS-140-134', 'WHEELS.NS-784-745', 'SAILIFE.NS-781-735', 'LODHA.NS-1385-1368', 'MANYAVAR.NS-795-758', 'PNGJL.NS-592-565']",2025-07-09
61,131,65.46904373168945,1195628.9710083008,1195694.4400520325,7,"['APCOTEXIND.NS-390-365', 'IOC.NS-142-134', 'WHEELS.NS-777-745', 'SAILIFE.NS-783-735', 'LODHA.NS-1407-1368', 'MANYAVAR.NS-797-758', 'PNGJL.NS-593-565']",2025-07-10
62,132,65.46904373168945,1191132.8248291016,1191198.2938728333,7,"['APCOTEXIND.NS-393-365', 'IOC.NS-141-134', 'WHEELS.NS-786-745', 'SAILIFE.NS-782-735', 'LODHA.NS-1395-1368', 'MANYAVAR.NS-787-758', 'PNGJL.NS-587-565']",2025-07-11
63,133,65.46904373168945,1202982.2935791016,1203047.7626228333,7,"['APCOTEXIND.NS-396-368', 'IOC.NS-140-134', 'WHEELS.NS-784-745', 'SAILIFE.NS-823-762', 'LODHA.NS-1415-1368', 'MANYAVAR.NS-782-758', 'PNGJL.NS-592-565']",2025-07-14
64,134,65.46904373168945,1210106.953125,1210172.4221687317,7,"['APCOTEXIND.NS-399-370', 'IOC.NS-141-134', 'WHEELS.NS-788-745', 'SAILIFE.NS-811-762', 'LODHA.NS-1429-1368', 'MANYAVAR.NS-789-758', 'PNGJL.NS-600-565']",2025-07-15
65,135,65.46904373168945,1210156.9114074707,1210222.3804512024,7,"['APCOTEXIND.NS-392-370', 'IOC.NS-142-134', 'WHEELS.NS-798-745', 'SAILIFE.NS-812-762', 'LODHA.NS-1435-1368', 'MANYAVAR.NS-783-758', 'PNGJL.NS-600-565']",2025-07-16
66,136,65.46904373168945,1219230.5801086426,1219296.0491523743,7,"['APCOTEXIND.NS-386-370', 'IOC.NS-141-134', 'WHEELS.NS-798-745', 'SAILIFE.NS-823-762', 'LODHA.NS-1435-1368', 'MANYAVAR.NS-801-758', 'PNGJL.NS-627-581']",2025-07-17
67,137,65.46904373168945,1212267.305480957,1212332.7745246887,7,"['APCOTEXIND.NS-386-370', 'IOC.NS-140-134', 'WHEELS.NS-804-745', 'SAILIFE.NS-815-762', 'LODHA.NS-1440-1368', 'MANYAVAR.NS-790-758', 'PNGJL.NS-611-581']",2025-07-18
68,138,65.46904373168945,1212021.3876953125,1212086.8567390442,7,"['APCOTEXIND.NS-387-370', 'IOC.NS-141-134', 'WHEELS.NS-816-756', 'SAILIFE.NS-806-762', 'LODHA.NS-1443-1368', 'MANYAVAR.NS-785-758', 'PNGJL.NS-603-581']",2025-07-21
69,139,65.46904373168945,1212307.9288635254,1212373.397907257,7,"['APCOTEXIND.NS-387-370', 'IOC.NS-142-134', 'WHEELS.NS-819-758', 'SAILIFE.NS-807-762', 'LODHA.NS-1437-1368', 'MANYAVAR.NS-786-758', 'PNGJL.NS-602-581']",2025-07-22
70,140,65.46904373168945,1191613.1662597656,1191678.6353034973,7,"['APCOTEXIND.NS-389-370', 'IOC.NS-142-134', 'WHEELS.NS-815-758', 'SAILIFE.NS-815-762', 'LODHA.NS-1329-1368', 'MANYAVAR.NS-776-758', 'PNGJL.NS-597-581']",2025-07-23
71,141,1321.4451179504395,1190262.6421813965,1191584.087299347,7,"['APCOTEXIND.NS-392-370', 'IOC.NS-141-134', 'WHEELS.NS-805-758', 'SAILIFE.NS-825-764', 'MANYAVAR.NS-785-758', 'PNGJL.NS-596-581', 'EPIGRAL.NS-1842-1705']",2025-07-24
72,142,1321.4451179504395,1177190.8627929688,1178512.3079109192,7,"['APCOTEXIND.NS-388-370', 'IOC.NS-137-134', 'WHEELS.NS-787-758', 'SAILIFE.NS-838-776', 'MANYAVAR.NS-779-758', 'PNGJL.NS-581-581', 'EPIGRAL.NS-1839-1705']",2025-07-25
73,143,1321.4451179504395,1161195.6868286133,1162517.1319465637,7,"['APCOTEXIND.NS-389-370', 'IOC.NS-138-134', 'WHEELS.NS-756-758', 'SAILIFE.NS-824-776', 'MANYAVAR.NS-752-758', 'PNGJL.NS-583-581', 'EPIGRAL.NS-1809-1705']",2025-07-28
74,144,1321.4451179504395,1191500.5012817383,1192821.9463996887,7,"['APCOTEXIND.NS-411-381', 'IOC.NS-138-134', 'WHEELS.NS-763-758', 'SAILIFE.NS-831-776', 'MANYAVAR.NS-746-758', 'PNGJL.NS-586-581', 'EPIGRAL.NS-1944-1799']",2025-07-29
75,145,1321.4451179504395,1223275.7393188477,1224597.184436798,7,"['APCOTEXIND.NS-420-389', 'IOC.NS-139-134', 'WHEELS.NS-763-758', 'SAILIFE.NS-846-783', 'MANYAVAR.NS-780-758', 'PNGJL.NS-587-581', 'EPIGRAL.NS-2079-1924']",2025-07-30
76,146,1321.4451179504395,1194291.164276123,1195612.6093940735,7,"['APCOTEXIND.NS-420-389', 'IOC.NS-136-134', 'WHEELS.NS-755-758', 'SAILIFE.NS-808-783', 'MANYAVAR.NS-741-758', 'PNGJL.NS-584-581', 'EPIGRAL.NS-2010-1924']",2025-07-31
77,147,240.4544563293457,1171512.473602295,1171752.9280586243,7,"['APCOTEXIND.NS-416-389', 'IOC.NS-132-134', 'WHEELS.NS-741-758', 'SAILIFE.NS-788-783', 'PNGJL.NS-578-581', 'EPIGRAL.NS-1947-1924', 'CARRARO.NS-478-443']",2025-08-01
78,148,19.311573028564453,1164105.9519042969,1164125.2634773254,7,"['APCOTEXIND.NS-418-389', 'IOC.NS-133-134', 'SAILIFE.NS-805-783', 'PNGJL.NS-573-581', 'EPIGRAL.NS-1821-1924', 'CARRARO.NS-495-459', 'NMDC.NS-68-64']",2025-08-04
79,149,157075.41496658325,1006703.0579223633,1163778.4728889465,6,"['APCOTEXIND.NS-414-389', 'IOC.NS-132-134', 'SAILIFE.NS-794-783', 'EPIGRAL.NS-1910-1924', 'CARRARO.NS-476-459', 'NMDC.NS-68-64']",2025-08-05
80,150,1181.482105255127,1136782.6979675293,1137964.1800727844,7,"['APCOTEXIND.NS-401-389', 'IOC.NS-133-134', 'SAILIFE.NS-793-783', 'EPIGRAL.NS-1843-1924', 'CARRARO.NS-433-459', 'NMDC.NS-68-64', 'THANGAMAYL.NS-1924-1781']",2025-08-06
81,151,14635.527851104736,1120104.9449157715,1134740.4727668762,7,"['APCOTEXIND.NS-394-389', 'IOC.NS-132-134', 'SAILIFE.NS-791-783', 'NMDC.NS-68-64', 'THANGAMAYL.NS-1956-1810', 'DIXON.NS-16655-15407', 'DPABHUSHAN.NS-1650-1527']",2025-08-07
82,152,14635.527851104736,1119726.1127624512,1134361.640613556,7,"['APCOTEXIND.NS-399-389', 'IOC.NS-134-134', 'SAILIFE.NS-827-783', 'NMDC.NS-68-64', 'THANGAMAYL.NS-1968-1822', 'DIXON.NS-15856-15407', 'DPABHUSHAN.NS-1623-1527']",2025-08-08
83,153,14635.527851104736,1134324.8251037598,1148960.3529548645,7,"['APCOTEXIND.NS-397-389', 'IOC.NS-135-134', 'SAILIFE.NS-893-827', 'NMDC.NS-67-64', 'THANGAMAYL.NS-1957-1822', 'DIXON.NS-16080-15407', 'DPABHUSHAN.NS-1640-1527']",2025-08-11
84,154,14635.527851104736,1133660.547821045,1148296.0756721497,7,"['APCOTEXIND.NS-401-389', 'IOC.NS-136-134', 'SAILIFE.NS-876-827', 'NMDC.NS-67-64', 'THANGAMAYL.NS-1971-1824', 'DIXON.NS-15820-15407', 'DPABHUSHAN.NS-1640-1527']",2025-08-12
85,155,14635.527851104736,1140613.4524230957,1155248.9802742004,7,"['APCOTEXIND.NS-399-389', 'IOC.NS-136-134', 'SAILIFE.NS-902-836', 'NMDC.NS-69-65', 'THANGAMAYL.NS-1986-1838', 'DIXON.NS-15944-15407', 'DPABHUSHAN.NS-1617-1527']",2025-08-13
86,156,14635.527851104736,1133984.5018310547,1148620.0296821594,7,"['APCOTEXIND.NS-398-389', 'IOC.NS-134-134', 'SAILIFE.NS-887-836', 'NMDC.NS-67-65', 'THANGAMAYL.NS-1998-1849', 'DIXON.NS-16183-15407', 'DPABHUSHAN.NS-1620-1527']",2025-08-14
87,157,14635.527851104736,1149283.3560791016,1163918.8839302063,7,"['APCOTEXIND.NS-404-389', 'IOC.NS-134-134', 'SAILIFE.NS-900-836', 'NMDC.NS-67-65', 'THANGAMAYL.NS-2010-1860', 'DIXON.NS-16748-15493', 'DPABHUSHAN.NS-1647-1527']",2025-08-18
88,158,14635.527851104736,1154477.035308838,1169112.5631599426,7,"['APCOTEXIND.NS-396-389', 'IOC.NS-136-134', 'SAILIFE.NS-910-843', 'NMDC.NS-68-65', 'THANGAMAYL.NS-2008-1860', 'DIXON.NS-16897-15631', 'DPABHUSHAN.NS-1659-1536']",2025-08-19
89,159,14635.527851104736,1154756.66897583,1169392.1968269348,7,"['APCOTEXIND.NS-390-389', 'IOC.NS-135-134', 'SAILIFE.NS-911-843', 'NMDC.NS-69-65', 'THANGAMAYL.NS-2066-1912', 'DIXON.NS-16868-15631', 'DPABHUSHAN.NS-1630-1536']",2025-08-20
90,160,14635.527851104736,1160710.4563598633,1175345.984210968,7,"['APCOTEXIND.NS-393-389', 'IOC.NS-135-134', 'SAILIFE.NS-924-856', 'NMDC.NS-69-65', 'THANGAMAYL.NS-2121-1963', 'DIXON.NS-16717-15631', 'DPABHUSHAN.NS-1634-1536']",2025-08-21
91,161,14635.527851104736,1150760.933166504,1165396.4610176086,7,"['APCOTEXIND.NS-386-389', 'IOC.NS-134-134', 'SAILIFE.NS-925-857', 'NMDC.NS-68-65', 'THANGAMAYL.NS-2109-1963', 'DIXON.NS-16885-15631', 'DPABHUSHAN.NS-1597-1536']",2025-08-22
92,162,252.39104080200195,1166506.432434082,1166758.823474884,7,"['IOC.NS-134-134', 'SAILIFE.NS-906-857', 'NMDC.NS-68-65', 'THANGAMAYL.NS-2175-2013', 'DIXON.NS-17010-15735', 'DPABHUSHAN.NS-1593-1536', 'VMARCIND.NS-481-446']",2025-08-25
93,163,252.39104080200195,1147104.4899902344,1147356.8810310364,7,"['IOC.NS-133-134', 'SAILIFE.NS-861-857', 'NMDC.NS-67-65', 'THANGAMAYL.NS-2217-2052', 'DIXON.NS-16660-15735', 'DPABHUSHAN.NS-1579-1536', 'VMARCIND.NS-463-446']",2025-08-26
94,164,252.39104080200195,1140361.0484924316,1140613.4395332336,7,"['IOC.NS-132-134', 'SAILIFE.NS-816-857', 'NMDC.NS-66-65', 'THANGAMAYL.NS-2234-2068', 'DIXON.NS-16670-15735', 'DPABHUSHAN.NS-1614-1536', 'VMARCIND.NS-460-446']",2025-08-28
95,165,149630.18396949768,990714.2842197418,1140344.4681892395,6,"['NMDC.NS-66-65', 'THANGAMAYL.NS-2249-2081', 'DIXON.NS-16682-15735', 'DPABHUSHAN.NS-1570-1536', 'VMARCIND.NS-469-446', 'IBULLSLTD.NS-16-16']",2025-08-29
96,166,197.4331760406494,1160200.6492900848,1160398.0824661255,7,"['NMDC.NS-67-65', 'THANGAMAYL.NS-2235-2081', 'DIXON.NS-17574-16257', 'DPABHUSHAN.NS-1608-1536', 'VMARCIND.NS-467-446', 'IBULLSLTD.NS-17-16', 'SKIPPER.NS-535-496']",2025-09-01
97,167,197.4331760406494,1179796.6509609222,1179994.084136963,7,"['NMDC.NS-70-66', 'THANGAMAYL.NS-2252-2084', 'DIXON.NS-17545-16257', 'DPABHUSHAN.NS-1599-1536', 'VMARCIND.NS-475-446', 'IBULLSLTD.NS-17-17', 'SKIPPER.NS-543-503']",2025-09-02
98,168,197.4331760406494,1192562.057144165,1192759.4903202057,7,"['NMDC.NS-72-67', 'THANGAMAYL.NS-2223-2084', 'DIXON.NS-17751-16420', 'DPABHUSHAN.NS-1578-1536', 'VMARCIND.NS-485-450', 'IBULLSLTD.NS-18-18', 'SKIPPER.NS-543-504']",2025-09-03
99,169,197.4331760406494,1190832.1975364685,1191029.6307125092,7,"['NMDC.NS-71-67', 'THANGAMAYL.NS-2185-2084', 'DIXON.NS-17844-16506', 'DPABHUSHAN.NS-1564-1536', 'VMARCIND.NS-468-450', 'IBULLSLTD.NS-19-19', 'SKIPPER.NS-549-509']",2025-09-04
100,170,197.4331760406494,1198792.9519309998,1198990.3851070404,7,"['NMDC.NS-72-67', 'THANGAMAYL.NS-2189-2084', 'DIXON.NS-17847-16509', 'DPABHUSHAN.NS-1577-1536', 'VMARCIND.NS-465-450', 'IBULLSLTD.NS-19-19', 'SKIPPER.NS-568-526']",2025-09-05
101,171,827.166187286377,1176133.650970459,1176960.8171577454,7,"['NMDC.NS-72-67', 'THANGAMAYL.NS-2175-2084', 'DIXON.NS-17997-16649', 'DPABHUSHAN.NS-1552-1536', 'VMARCIND.NS-443-450', 'SKIPPER.NS-560-526', 'ACE.NS-1061-982']",2025-09-08
102,172,827.166187286377,1195630.9524230957,1196458.118610382,7,"['NMDC.NS-72-68', 'THANGAMAYL.NS-2218-2084', 'DIXON.NS-17993-16649', 'DPABHUSHAN.NS-1553-1536', 'VMARCIND.NS-454-450', 'SKIPPER.NS-552-526', 'ACE.NS-1143-1058']",2025-09-09
103,173,827.166187286377,1178692.7098388672,1179519.8760261536,7,"['NMDC.NS-73-68', 'THANGAMAYL.NS-2185-2084', 'DIXON.NS-17889-16649', 'DPABHUSHAN.NS-1552-1536', 'VMARCIND.NS-435-450', 'SKIPPER.NS-538-526', 'ACE.NS-1125-1058']",2025-09-10
104,174,827.166187286377,1183061.1456298828,1183888.3118171692,7,"['NMDC.NS-73-69', 'THANGAMAYL.NS-2145-2084', 'DIXON.NS-18032-16681', 'DPABHUSHAN.NS-1566-1536', 'VMARCIND.NS-454-450', 'SKIPPER.NS-532-526', 'ACE.NS-1112-1058']",2025-09-11
105,175,827.166187286377,1184463.731842041,1185290.8980293274,7,"['NMDC.NS-74-69', 'THANGAMAYL.NS-2180-2084', 'DIXON.NS-18094-16738', 'DPABHUSHAN.NS-1548-1536', 'VMARCIND.NS-447-450', 'SKIPPER.NS-533-526', 'ACE.NS-1118-1058']",2025-09-12
106,176,827.166187286377,1187675.2083740234,1188502.3745613098,7,"['NMDC.NS-73-69', 'THANGAMAYL.NS-2164-2084', 'DIXON.NS-17977-16738', 'DPABHUSHAN.NS-1558-1536', 'VMARCIND.NS-457-450', 'SKIPPER.NS-542-526', 'ACE.NS-1120-1058']",2025-09-15
107,177,827.166187286377,1187176.3438110352,1188003.5099983215,7,"['NMDC.NS-73-69', 'THANGAMAYL.NS-2141-2084', 'DIXON.NS-18110-16752', 'DPABHUSHAN.NS-1571-1536', 'VMARCIND.NS-460-450', 'SKIPPER.NS-539-526', 'ACE.NS-1112-1058']",2025-09-16
108,178,827.166187286377,1195618.7178344727,1196445.884021759,7,"['NMDC.NS-73-69', 'THANGAMAYL.NS-2180-2084', 'DIXON.NS-18110-16752', 'DPABHUSHAN.NS-1580-1536', 'VMARCIND.NS-459-450', 'SKIPPER.NS-540-526', 'ACE.NS-1134-1058']",2025-09-17
109,179,827.166187286377,1192112.9979553223,1192940.1641426086,7,"['NMDC.NS-74-69', 'THANGAMAYL.NS-2163-2084', 'DIXON.NS-18331-16957', 'DPABHUSHAN.NS-1582-1536', 'VMARCIND.NS-440-450', 'SKIPPER.NS-535-526', 'ACE.NS-1145-1060']",2025-09-18
110,180,827.166187286377,1189489.8725280762,1190317.0387153625,7,"['NMDC.NS-74-69', 'THANGAMAYL.NS-2148-2084', 'DIXON.NS-18177-16957', 'DPABHUSHAN.NS-1575-1536', 'VMARCIND.NS-442-450', 'SKIPPER.NS-535-526', 'ACE.NS-1150-1064']",2025-09-19
111,181,827.166187286377,1181616.0911865234,1182443.2573738098,7,"['NMDC.NS-74-69', 'THANGAMAYL.NS-2100-2084', 'DIXON.NS-18082-16957', 'DPABHUSHAN.NS-1542-1536', 'VMARCIND.NS-434-450', 'SKIPPER.NS-548-526', 'ACE.NS-1146-1064']",2025-09-22
112,182,268.41106033325195,1179899.8562011719,1180168.2672615051,7,"['NMDC.NS-75-71', 'THANGAMAYL.NS-2059-2084', 'DIXON.NS-18130-16957', 'DPABHUSHAN.NS-1535-1536', 'SKIPPER.NS-542-526', 'ACE.NS-1155-1069', 'INDUSTOWER.NS-359-333']",2025-09-23
113,183,2212.691089630127,1168029.9420471191,1170242.6331367493,7,"['NMDC.NS-74-71', 'DIXON.NS-18161-16957', 'DPABHUSHAN.NS-1513-1536', 'SKIPPER.NS-536-526', 'ACE.NS-1138-1069', 'INDUSTOWER.NS-358-333', 'WAAREEENER.NS-3487-3227']",2025-09-24
114,184,2212.691089630127,1157384.9929199219,1159597.684009552,7,"['NMDC.NS-74-71', 'DIXON.NS-18202-16957', 'DPABHUSHAN.NS-1498-1536', 'SKIPPER.NS-532-526', 'ACE.NS-1114-1069', 'INDUSTOWER.NS-356-333', 'WAAREEENER.NS-3443-3227']",2025-09-25
115,185,163118.4857673645,956956.9348754883,1120075.4206428528,6,"['NMDC.NS-72-71', 'DIXON.NS-17511-16957', 'SKIPPER.NS-511-526', 'ACE.NS-1080-1069', 'INDUSTOWER.NS-346-333', 'WAAREEENER.NS-3205-3227']",2025-09-26
116,186,945.7891731262207,1114339.0105895996,1115284.7997627258,7,"['NMDC.NS-72-71', 'DIXON.NS-16678-16957', 'ACE.NS-1076-1069', 'INDUSTOWER.NS-347-333', 'WAAREEENER.NS-3278-3227', 'MCX.NS-1588-1469', 'GALLANTT.NS-666-617']",2025-09-29
117,187,114.8724250793457,1108691.7748718262,1108806.6472969055,7,"['NMDC.NS-74-71', 'ACE.NS-1072-1069', 'INDUSTOWER.NS-342-333', 'WAAREEENER.NS-3326-3227', 'MCX.NS-1559-1469', 'GALLANTT.NS-655-617', 'IOC.NS-143-133']",2025-09-30
118,188,114.8724250793457,1118571.685409546,1118686.5578346252,7,"['NMDC.NS-73-71', 'ACE.NS-1069-1069', 'INDUSTOWER.NS-352-333', 'WAAREEENER.NS-3330-3227', 'MCX.NS-1599-1480', 'GALLANTT.NS-666-617', 'IOC.NS-143-133']",2025-10-01
119,189,114.8724250793457,1131526.2902069092,1131641.1626319885,7,"['NMDC.NS-74-71', 'ACE.NS-1076-1069', 'INDUSTOWER.NS-353-333', 'WAAREEENER.NS-3436-3227', 'MCX.NS-1629-1507', 'GALLANTT.NS-670-620', 'IOC.NS-144-134']",2025-10-03
120,190,114.8724250793457,1136923.10546875,1137037.9778938293,7,"['NMDC.NS-73-71', 'ACE.NS-1091-1069', 'INDUSTOWER.NS-353-333', 'WAAREEENER.NS-3439-3227', 'MCX.NS-1638-1516', 'GALLANTT.NS-665-620', 'IOC.NS-148-138']",2025-10-06
121,191,114.8724250793457,1132292.795059204,1132407.6674842834,7,"['NMDC.NS-73-71', 'ACE.NS-1079-1069', 'INDUSTOWER.NS-357-333', 'WAAREEENER.NS-3400-3227', 'MCX.NS-1641-1519', 'GALLANTT.NS-653-620', 'IOC.NS-147-138']",2025-10-07
122,192,114.8724250793457,1127144.4832611084,1127259.3556861877,7,"['NMDC.NS-73-71', 'ACE.NS-1085-1069', 'INDUSTOWER.NS-354-333', 'WAAREEENER.NS-3321-3227', 'MCX.NS-1637-1519', 'GALLANTT.NS-654-620', 'IOC.NS-147-138']",2025-10-08
123,193,114.8724250793457,1144956.2810516357,1145071.153476715,7,"['NMDC.NS-76-71', 'ACE.NS-1071-1069', 'INDUSTOWER.NS-354-333', 'WAAREEENER.NS-3342-3227', 'MCX.NS-1741-1611', 'GALLANTT.NS-662-620', 'IOC.NS-148-138']",2025-10-09
124,194,114.8724250793457,1137233.7973937988,1137348.6698188782,7,"['NMDC.NS-74-71', 'ACE.NS-1069-1069', 'INDUSTOWER.NS-353-333', 'WAAREEENER.NS-3331-3227', 'MCX.NS-1737-1611', 'GALLANTT.NS-657-620', 'IOC.NS-147-138']",2025-10-10
125,195,114.8724250793457,1146340.5014190674,1146455.3738441467,7,"['NMDC.NS-74-71', 'ACE.NS-1081-1069', 'INDUSTOWER.NS-349-333', 'WAAREEENER.NS-3402-3227', 'MCX.NS-1787-1654', 'GALLANTT.NS-654-620', 'IOC.NS-148-138']",2025-10-13
126,196,114.8724250793457,1147302.132232666,1147417.0046577454,7,"['NMDC.NS-73-71', 'ACE.NS-1082-1069', 'INDUSTOWER.NS-338-333', 'WAAREEENER.NS-3482-3227', 'MCX.NS-1879-1739', 'GALLANTT.NS-646-620', 'IOC.NS-146-138']",2025-10-14
127,197,114.8724250793457,1158256.635559082,1158371.5079841614,7,"['NMDC.NS-74-71', 'ACE.NS-1075-1069', 'INDUSTOWER.NS-344-333', 'WAAREEENER.NS-3516-3253', 'MCX.NS-1908-1766', 'GALLANTT.NS-658-620', 'IOC.NS-147-138']",2025-10-15
128,198,114.8724250793457,1157340.7022399902,1157455.5746650696,7,"['NMDC.NS-73-71', 'ACE.NS-1076-1069', 'INDUSTOWER.NS-343-333', 'WAAREEENER.NS-3625-3354', 'MCX.NS-1866-1766', 'GALLANTT.NS-658-620', 'IOC.NS-147-138']",2025-10-16
129,199,114.8724250793457,1145618.4802093506,1145733.35263443,7,"['NMDC.NS-72-71', 'ACE.NS-1086-1069', 'INDUSTOWER.NS-343-333', 'WAAREEENER.NS-3533-3354', 'MCX.NS-1865-1766', 'GALLANTT.NS-633-620', 'IOC.NS-146-138']",2025-10-17
130,200,114.8724250793457,1145652.7046966553,1145767.5771217346,7,"['NMDC.NS-73-71', 'ACE.NS-1112-1069', 'INDUSTOWER.NS-354-333', 'WAAREEENER.NS-3504-3354', 'MCX.NS-1839-1766', 'GALLANTT.NS-602-620', 'IOC.NS-147-138']",2025-10-20
131,201,271.1690559387207,1148699.5775299072,1148970.746585846,7,"['NMDC.NS-73-71', 'ACE.NS-1117-1069', 'INDUSTOWER.NS-360-334', 'WAAREEENER.NS-3512-3354', 'MCX.NS-1837-1766', 'IOC.NS-147-138', 'MANORAMA.NS-1497-1385']",2025-10-21
132,202,271.1690559387207,1141248.842880249,1141520.0119361877,7,"['NMDC.NS-72-71', 'ACE.NS-1101-1069', 'INDUSTOWER.NS-358-334', 'WAAREEENER.NS-3565-3354', 'MCX.NS-1851-1766', 'IOC.NS-143-138', 'MANORAMA.NS-1489-1385']",2025-10-23
133,203,271.1690559387207,1133361.9270019531,1133633.0960578918,7,"['NMDC.NS-72-71', 'ACE.NS-1110-1069', 'INDUSTOWER.NS-361-335', 'WAAREEENER.NS-3529-3354', 'MCX.NS-1800-1766', 'IOC.NS-144-138', 'MANORAMA.NS-1441-1385']",2025-10-24
134,204,271.1690559387207,1148907.180633545,1149178.3496894836,7,"['NMDC.NS-72-71', 'ACE.NS-1114-1069', 'INDUSTOWER.NS-371-344', 'WAAREEENER.NS-3585-3354', 'MCX.NS-1861-1766', 'IOC.NS-148-138', 'MANORAMA.NS-1401-1385']",2025-10-27
135,205,271.1690559387207,1141036.564819336,1141307.7338752747,7,"['NMDC.NS-72-71', 'ACE.NS-1082-1069', 'INDUSTOWER.NS-385-357', 'WAAREEENER.NS-3486-3354', 'MCX.NS-1823-1766', 'IOC.NS-148-138', 'MANORAMA.NS-1390-1385']",2025-10-28
136,206,271.1690559387207,1158950.9062194824,1159222.0752754211,7,"['NMDC.NS-74-71', 'ACE.NS-1105-1069', 'INDUSTOWER.NS-381-357', 'WAAREEENER.NS-3477-3354', 'MCX.NS-1835-1766', 'IOC.NS-156-145', 'MANORAMA.NS-1413-1385']",2025-10-29
137,207,271.1690559387207,1148054.0294647217,1148325.1985206604,7,"['NMDC.NS-73-71', 'ACE.NS-1112-1069', 'INDUSTOWER.NS-368-357', 'WAAREEENER.NS-3432-3354', 'MCX.NS-1820-1766', 'IOC.NS-156-145', 'MANORAMA.NS-1399-1385']",2025-10-30
138,208,271.1690559387207,1148314.780166626,1148585.9492225647,7,"['NMDC.NS-73-71', 'ACE.NS-1100-1069', 'INDUSTOWER.NS-363-357', 'WAAREEENER.NS-3427-3354', 'MCX.NS-1848-1766', 'IOC.NS-158-148', 'MANORAMA.NS-1391-1385']",2025-10-31
139,209,271.1690559387207,1162931.434173584,1163202.6032295227,7,"['NMDC.NS-73-71', 'ACE.NS-1095-1069', 'INDUSTOWER.NS-382-357', 'WAAREEENER.NS-3430-3354', 'MCX.NS-1905-1766', 'IOC.NS-160-149', 'MANORAMA.NS-1378-1385']",2025-11-03
140,210,271.1690559387207,1154368.73147583,1154639.9005317688,7,"['NMDC.NS-72-71', 'ACE.NS-1097-1069', 'INDUSTOWER.NS-392-364', 'WAAREEENER.NS-3369-3354', 'MCX.NS-1865-1766', 'IOC.NS-162-151', 'MANORAMA.NS-1324-1385']",2025-11-04
141,211,1377.4942512512207,1145164.3452148438,1146541.839466095,7,"['NMDC.NS-70-71', 'ACE.NS-1072-1069', 'INDUSTOWER.NS-398-369', 'WAAREEENER.NS-3369-3354', 'MCX.NS-1850-1766', 'IOC.NS-161-151', 'NUVAMA.NS-1434-1327']",2025-11-06
142,212,253.7529182434082,1141475.1281433105,1141728.881061554,7,"['NMDC.NS-72-71', 'INDUSTOWER.NS-400-371', 'WAAREEENER.NS-3276-3354', 'MCX.NS-1886-1766', 'IOC.NS-162-151', 'NUVAMA.NS-1432-1327', 'CRIZAC.NS-297-275']",2025-11-07
143,213,253.7529182434082,1142242.6640625,1142496.4169807434,7,"['NMDC.NS-72-71', 'INDUSTOWER.NS-398-371', 'WAAREEENER.NS-3315-3354', 'MCX.NS-1906-1766', 'IOC.NS-162-151', 'NUVAMA.NS-1465-1356', 'CRIZAC.NS-285-275']",2025-11-10
144,214,1160.9575080871582,1149428.6591644287,1150589.6166725159,7,"['NMDC.NS-73-71', 'INDUSTOWER.NS-400-371', 'MCX.NS-1899-1766', 'IOC.NS-165-153', 'NUVAMA.NS-1455-1356', 'CRIZAC.NS-291-275', 'LODHA.NS-1221-1130']",2025-11-11
145,215,1160.9575080871582,1149832.4072113037,1150993.3647193909,7,"['NMDC.NS-74-71', 'INDUSTOWER.NS-406-377', 'MCX.NS-1886-1766', 'IOC.NS-165-153', 'NUVAMA.NS-1456-1356', 'CRIZAC.NS-285-275', 'LODHA.NS-1217-1130']",2025-11-12
146,216,1160.9575080871582,1154321.1362304688,1155482.093738556,7,"['NMDC.NS-75-71', 'INDUSTOWER.NS-407-378', 'MCX.NS-1919-1776', 'IOC.NS-165-153', 'NUVAMA.NS-1460-1356', 'CRIZAC.NS-285-275', 'LODHA.NS-1217-1130']",2025-11-13
147,217,1160.9575080871582,1152485.9129638672,1153646.8704719543,7,"['NMDC.NS-74-71', 'INDUSTOWER.NS-412-382', 'MCX.NS-1933-1789', 'IOC.NS-164-153', 'NUVAMA.NS-1453-1356', 'CRIZAC.NS-284-275', 'LODHA.NS-1209-1130']",2025-11-14
148,218,1160.9575080871582,1147945.3396759033,1149106.2971839905,7,"['NMDC.NS-74-71', 'INDUSTOWER.NS-410-382', 'MCX.NS-1939-1795', 'IOC.NS-165-154', 'NUVAMA.NS-1459-1356', 'CRIZAC.NS-270-275', 'LODHA.NS-1220-1130']",2025-11-17
149,219,1160.9575080871582,1138318.0361328125,1139478.9936408997,7,"['NMDC.NS-73-71', 'INDUSTOWER.NS-402-382', 'MCX.NS-1933-1795', 'IOC.NS-164-154', 'NUVAMA.NS-1450-1356', 'CRIZAC.NS-274-275', 'LODHA.NS-1192-1130']",2025-11-18
150,220,66.14497756958008,1137643.518585205,1137709.6635627747,7,"['NMDC.NS-73-71', 'INDUSTOWER.NS-403-382', 'MCX.NS-1959-1813', 'IOC.NS-162-154', 'NUVAMA.NS-1454-1356', 'LODHA.NS-1202-1130', 'HONASA.NS-293-272']",2025-11-19
151,221,66.14497756958008,1133092.738357544,1133158.8833351135,7,"['NMDC.NS-72-71', 'INDUSTOWER.NS-400-382', 'MCX.NS-1971-1824', 'IOC.NS-161-154', 'NUVAMA.NS-1453-1356', 'LODHA.NS-1200-1130', 'HONASA.NS-290-272']",2025-11-20
152,222,66.14497756958008,1118391.363143921,1118457.5081214905,7,"['NMDC.NS-71-71', 'INDUSTOWER.NS-397-382', 'MCX.NS-1936-1824', 'IOC.NS-160-154', 'NUVAMA.NS-1436-1356', 'LODHA.NS-1176-1130', 'HONASA.NS-286-272']",2025-11-21
153,223,66.14497756958008,1116049.391204834,1116115.5361824036,7,"['NMDC.NS-70-71', 'INDUSTOWER.NS-400-382', 'MCX.NS-1973-1826', 'IOC.NS-158-154', 'NUVAMA.NS-1397-1356', 'LODHA.NS-1159-1130', 'HONASA.NS-290-272']",2025-11-24
154,224,237.17428970336914,1117284.2647247314,1117521.4390144348,7,"['INDUSTOWER.NS-403-382', 'MCX.NS-1973-1826', 'IOC.NS-157-154', 'NUVAMA.NS-1381-1356', 'LODHA.NS-1160-1130', 'HONASA.NS-295-273', 'V2RETAIL.NS-240-223']",2025-11-25
155,225,237.17428970336914,1138633.2716064453,1138870.4458961487,7,"['INDUSTOWER.NS-405-382', 'MCX.NS-2056-1903', 'IOC.NS-158-154', 'NUVAMA.NS-1448-1356', 'LODHA.NS-1163-1130', 'HONASA.NS-293-273', 'V2RETAIL.NS-249-231']",2025-11-26
156,226,237.17428970336914,1133215.3705596924,1133452.5448493958,7,"['INDUSTOWER.NS-404-382', 'MCX.NS-2084-1929', 'IOC.NS-156-154', 'NUVAMA.NS-1462-1356', 'LODHA.NS-1156-1130', 'HONASA.NS-289-273', 'V2RETAIL.NS-243-231']",2025-11-27
157,227,237.17428970336914,1124190.6264038086,1124427.800693512,7,"['INDUSTOWER.NS-401-382', 'MCX.NS-2014-1929', 'IOC.NS-154-154', 'NUVAMA.NS-1478-1368', 'LODHA.NS-1148-1130', 'HONASA.NS-289-273', 'V2RETAIL.NS-244-231']",2025-11-28
158,228,237.17428970336914,1123385.7685699463,1123622.9428596497,7,"['INDUSTOWER.NS-396-382', 'MCX.NS-2042-1929', 'IOC.NS-156-154', 'NUVAMA.NS-1476-1368', 'LODHA.NS-1128-1130', 'HONASA.NS-286-273', 'V2RETAIL.NS-247-231']",2025-12-01
159,229,237.17428970336914,1115746.2652435303,1115983.4395332336,7,"['INDUSTOWER.NS-401-382', 'MCX.NS-2043-1929', 'IOC.NS-155-154', 'NUVAMA.NS-1440-1368', 'LODHA.NS-1119-1130', 'HONASA.NS-285-273', 'V2RETAIL.NS-239-231']",2025-12-02
160,230,140432.4773902893,966321.5501098633,1106754.0275001526,6,"['INDUSTOWER.NS-404-382', 'MCX.NS-2027-1929', 'IOC.NS-157-154', 'NUVAMA.NS-1402-1368', 'HONASA.NS-281-273', 'V2RETAIL.NS-234-231']",2025-12-03
161,231,199.4214210510254,1096944.1744537354,1097143.5958747864,7,"['INDUSTOWER.NS-402-382', 'MCX.NS-2024-1929', 'IOC.NS-155-154', 'NUVAMA.NS-1402-1368', 'HONASA.NS-278-273', 'V2RETAIL.NS-226-231', 'BLS.NS-329-305']",2025-12-04
162,232,2527.378574371338,1105654.3594970703,1108181.7380714417,7,"['INDUSTOWER.NS-415-385', 'MCX.NS-2068-1929', 'IOC.NS-156-154', 'NUVAMA.NS-1420-1368', 'HONASA.NS-274-273', 'BLS.NS-330-306', 'BSE.NS-2808-2598']",2025-12-05
163,233,2527.378574371338,1076329.4775848389,1078856.8561592102,7,"['INDUSTOWER.NS-403-385', 'MCX.NS-2036-1929', 'IOC.NS-155-154', 'NUVAMA.NS-1411-1368', 'HONASA.NS-256-273', 'BLS.NS-312-306', 'BSE.NS-2791-2598']",2025-12-08
164,234,44.229373931884766,1082561.163345337,1082605.3927192688,7,"['INDUSTOWER.NS-403-385', 'MCX.NS-2071-1929', 'IOC.NS-156-154', 'NUVAMA.NS-1401-1368', 'BLS.NS-317-306', 'BSE.NS-2708-2598', 'SPARC.NS-142-132']",2025-12-09
165,235,44.229373931884766,1060935.0548858643,1060979.2842597961,7,"['INDUSTOWER.NS-404-385', 'MCX.NS-1972-1929', 'IOC.NS-156-154', 'NUVAMA.NS-1389-1368', 'BLS.NS-315-306', 'BSE.NS-2574-2598', 'SPARC.NS-137-132']",2025-12-10
166,236,44.229373931884766,1073608.5660095215,1073652.7953834534,7,"['INDUSTOWER.NS-410-385', 'MCX.NS-1987-1929', 'IOC.NS-154-154', 'NUVAMA.NS-1432-1368', 'BLS.NS-317-306', 'BSE.NS-2691-2598', 'SPARC.NS-137-132']",2025-12-11
167,237,44.229373931884766,1085706.447479248,1085750.67685318,7,"['INDUSTOWER.NS-415-385', 'MCX.NS-2032-1929', 'IOC.NS-156-154', 'NUVAMA.NS-1456-1368', 'BLS.NS-318-306', 'BSE.NS-2727-2598', 'SPARC.NS-136-132']",2025-12-12
168,238,44.229373931884766,1081237.1237487793,1081281.3531227112,7,"['INDUSTOWER.NS-409-385', 'MCX.NS-2037-1929', 'IOC.NS-161-154', 'NUVAMA.NS-1441-1368', 'BLS.NS-314-306', 'BSE.NS-2641-2598', 'SPARC.NS-136-132']",2025-12-15
169,239,44.229373931884766,1071700.7953033447,1071745.0246772766,7,"['INDUSTOWER.NS-408-385', 'MCX.NS-2032-1929', 'IOC.NS-160-154', 'NUVAMA.NS-1424-1368', 'BLS.NS-312-306', 'BSE.NS-2599-2598', 'SPARC.NS-132-132']",2025-12-16
170,240,44.229373931884766,1066725.3878936768,1066769.6172676086,7,"['INDUSTOWER.NS-407-385', 'MCX.NS-2005-1929', 'IOC.NS-161-154', 'NUVAMA.NS-1420-1368', 'BLS.NS-309-306', 'BSE.NS-2623-2598', 'SPARC.NS-130-132']",2025-12-17
171,241,44.229373931884766,1076247.581161499,1076291.810535431,7,"['INDUSTOWER.NS-408-385', 'MCX.NS-2034-1929', 'IOC.NS-159-154', 'NUVAMA.NS-1446-1368', 'BLS.NS-314-306', 'BSE.NS-2675-2598', 'SPARC.NS-131-132']",2025-12-18
172,242,44.229373931884766,1095524.3210754395,1095568.5504493713,7,"['INDUSTOWER.NS-414-385', 'MCX.NS-2061-1929', 'IOC.NS-160-154', 'NUVAMA.NS-1420-1368', 'BLS.NS-322-306', 'BSE.NS-2677-2598', 'SPARC.NS-143-134']",2025-12-19
173,243,44.229373931884766,1106404.3938903809,1106448.6232643127,7,"['INDUSTOWER.NS-411-385', 'MCX.NS-2164-2002', 'IOC.NS-161-154', 'NUVAMA.NS-1414-1368', 'BLS.NS-325-306', 'BSE.NS-2768-2598', 'SPARC.NS-139-134']",2025-12-22
174,244,44.229373931884766,1100181.7471313477,1100225.9765052795,7,"['INDUSTOWER.NS-414-385', 'MCX.NS-2165-2004', 'IOC.NS-161-154', 'NUVAMA.NS-1442-1368', 'BLS.NS-320-306', 'BSE.NS-2730-2598', 'SPARC.NS-134-134']",2025-12-23
175,245,44.229373931884766,1106406.791732788,1106451.02110672,7,"['INDUSTOWER.NS-423-393', 'MCX.NS-2165-2004', 'IOC.NS-159-154', 'NUVAMA.NS-1508-1396', 'BLS.NS-321-306', 'BSE.NS-2663-2598', 'SPARC.NS-135-134']",2025-12-24
176,246,44.229373931884766,1101389.3471374512,1101433.576511383,7,"['INDUSTOWER.NS-419-393', 'MCX.NS-2210-2045', 'IOC.NS-158-154', 'NUVAMA.NS-1479-1396', 'BLS.NS-317-306', 'BSE.NS-2642-2598', 'SPARC.NS-134-134']",2025-12-26
177,247,44.229373931884766,1096609.5446929932,1096653.774066925,7,"['INDUSTOWER.NS-422-393', 'MCX.NS-2187-2045', 'IOC.NS-159-154', 'NUVAMA.NS-1447-1396', 'BLS.NS-314-306', 'BSE.NS-2621-2598', 'SPARC.NS-133-134']",2025-12-29
178,248,44.229373931884766,1092851.1047668457,1092895.3341407776,7,"['INDUSTOWER.NS-422-393', 'MCX.NS-2177-2045', 'IOC.NS-159-154', 'NUVAMA.NS-1437-1396', 'BLS.NS-314-306', 'BSE.NS-2574-2598', 'SPARC.NS-134-134']",2025-12-30
179,249,44.229373931884766,1108359.4920806885,1108403.7214546204,7,"['INDUSTOWER.NS-418-393', 'MCX.NS-2227-2061', 'IOC.NS-164-154', 'NUVAMA.NS-1466-1396', 'BLS.NS-318-306', 'BSE.NS-2625-2598', 'SPARC.NS-134-134']",2025-12-31
180,250,44.229373931884766,1109584.049835205,1109628.279209137,7,"['INDUSTOWER.NS-435-404', 'MCX.NS-2197-2061', 'IOC.NS-163-154', 'NUVAMA.NS-1444-1396', 'BLS.NS-314-306', 'BSE.NS-2621-2598', 'SPARC.NS-135-134']",2026-01-01
181,251,44.229373931884766,1118435.5120239258,1118479.7413978577,7,"['INDUSTOWER.NS-442-409', 'MCX.NS-2216-2061', 'IOC.NS-164-154', 'NUVAMA.NS-1454-1396', 'BLS.NS-314-306', 'BSE.NS-2659-2598', 'SPARC.NS-135-134']",2026-01-02
182,252,44.229373931884766,1113044.3022613525,1113088.5316352844,7,"['INDUSTOWER.NS-434-409', 'MCX.NS-2199-2061', 'IOC.NS-162-154', 'NUVAMA.NS-1478-1396', 'BLS.NS-314-306', 'BSE.NS-2666-2598', 'SPARC.NS-135-134']",2026-01-05
183,253,44.229373931884766,1114962.4060668945,1115006.6354408264,7,"['INDUSTOWER.NS-432-409', 'MCX.NS-2246-2078', 'IOC.NS-161-154', 'NUVAMA.NS-1464-1396', 'BLS.NS-310-306', 'BSE.NS-2699-2598', 'SPARC.NS-135-134']",2026-01-06
184,254,44.229373931884766,1121885.9489593506,1121930.1783332825,7,"['INDUSTOWER.NS-429-409', 'MCX.NS-2305-2133', 'IOC.NS-160-154', 'NUVAMA.NS-1464-1396', 'BLS.NS-311-306', 'BSE.NS-2737-2598', 'SPARC.NS-137-134']",2026-01-07
185,255,44.229373931884766,1098010.4101104736,1098054.6394844055,7,"['INDUSTOWER.NS-430-409', 'MCX.NS-2231-2133', 'IOC.NS-154-154', 'NUVAMA.NS-1435-1396', 'BLS.NS-304-306', 'BSE.NS-2686-2598', 'SPARC.NS-135-134']",2026-01-08
186,256,44.229373931884766,1088825.4288482666,1088869.6582221985,7,"['INDUSTOWER.NS-433-409', 'MCX.NS-2191-2133', 'IOC.NS-155-154', 'NUVAMA.NS-1411-1396', 'BLS.NS-299-306', 'BSE.NS-2662-2598', 'SPARC.NS-132-134']",2026-01-09
187,257,24.728443145751953,1098911.3234100342,1098936.05185318,7,"['INDUSTOWER.NS-432-409', 'MCX.NS-2235-2133', 'IOC.NS-156-154', 'NUVAMA.NS-1404-1396', 'BSE.NS-2783-2598', 'SPARC.NS-135-134', 'NMDC.NS-79-74']",2026-01-12
188,258,24.728443145751953,1104728.6015167236,1104753.3299598694,7,"['INDUSTOWER.NS-427-409', 'MCX.NS-2293-2133', 'IOC.NS-155-154', 'NUVAMA.NS-1406-1396', 'BSE.NS-2824-2613', 'SPARC.NS-135-134', 'NMDC.NS-79-74']",2026-01-13
189,259,24.728443145751953,1127135.6173553467,1127160.3457984924,7,"['INDUSTOWER.NS-438-409', 'MCX.NS-2417-2236', 'IOC.NS-157-154', 'NUVAMA.NS-1421-1396', 'BSE.NS-2829-2618', 'SPARC.NS-135-134', 'NMDC.NS-81-76']",2026-01-14
190,260,24.728443145751953,1127135.6173553467,1127160.3457984924,7,"['INDUSTOWER.NS-438-409', 'MCX.NS-2417-2236', 'IOC.NS-157-154', 'NUVAMA.NS-1421-1396', 'BSE.NS-2829-2618', 'SPARC.NS-135-134', 'NMDC.NS-81-76']",2026-01-15
191,261,24.728443145751953,1128552.7367401123,1128577.465183258,7,"['INDUSTOWER.NS-433-409', 'MCX.NS-2446-2263', 'IOC.NS-159-154', 'NUVAMA.NS-1460-1396', 'BSE.NS-2801-2618', 'SPARC.NS-133-134', 'NMDC.NS-80-76']",2026-01-16
192,262,512.751651763916,1112739.5074005127,1113252.2590522766,7,"['INDUSTOWER.NS-428-409', 'MCX.NS-2429-2263', 'IOC.NS-158-154', 'NUVAMA.NS-1441-1396', 'BSE.NS-2719-2618', 'NMDC.NS-78-76', 'MUTHOOTFIN.NS-3913-3621']",2026-01-19
193,263,512.751651763916,1087423.7803649902,1087936.5320167542,7,"['INDUSTOWER.NS-414-409', 'MCX.NS-2373-2263', 'IOC.NS-156-154', 'NUVAMA.NS-1407-1396', 'BSE.NS-2646-2618', 'NMDC.NS-76-76', 'MUTHOOTFIN.NS-3897-3621']",2026-01-20
194,264,512.751651763916,1075654.7049560547,1076167.4566078186,7,"['INDUSTOWER.NS-414-409', 'MCX.NS-2320-2263', 'IOC.NS-156-154', 'NUVAMA.NS-1351-1396', 'BSE.NS-2621-2618', 'NMDC.NS-76-76', 'MUTHOOTFIN.NS-3873-3621']",2026-01-21
195,265,9393.837345123291,1072208.81350708,1081602.6508522034,7,"['INDUSTOWER.NS-419-409', 'MCX.NS-2314-2263', 'IOC.NS-157-154', 'BSE.NS-2701-2618', 'NMDC.NS-75-76', 'MUTHOOTFIN.NS-3829-3621', 'FORCEMOT.NS-20695-19143']",2026-01-22
196,266,9393.837345123291,1050229.80758667,1059623.6449317932,7,"['INDUSTOWER.NS-413-409', 'MCX.NS-2282-2263', 'IOC.NS-154-154', 'BSE.NS-2678-2618', 'NMDC.NS-74-76', 'MUTHOOTFIN.NS-3770-3621', 'FORCEMOT.NS-19325-19143']",2026-01-23
197,267,9393.837345123291,1077689.841369629,1087083.6787147522,7,"['INDUSTOWER.NS-422-409', 'MCX.NS-2418-2263', 'IOC.NS-156-154', 'BSE.NS-2753-2618', 'NMDC.NS-76-76', 'MUTHOOTFIN.NS-3834-3621', 'FORCEMOT.NS-18785-19143']",2026-01-27
198,268,9393.837345123291,1110604.922088623,1119998.7594337463,7,"['INDUSTOWER.NS-425-409', 'MCX.NS-2593-2399', 'IOC.NS-160-154', 'BSE.NS-2814-2618', 'NMDC.NS-79-76', 'MUTHOOTFIN.NS-3922-3629', 'FORCEMOT.NS-18895-19143']",2026-01-28
199,269,101568.83734512329,1043783.0257873535,1145351.8631324768,6,"['INDUSTOWER.NS-441-409', 'MCX.NS-2686-2485', 'IOC.NS-161-154', 'BSE.NS-2854-2641', 'NMDC.NS-82-76', 'MUTHOOTFIN.NS-4057-3754']",2026-01-29
200,270,101568.83734512329,1013384.3474807739,1114953.1848258972,6,"['INDUSTOWER.NS-444-411', 'MCX.NS-2528-2485', 'IOC.NS-161-154', 'BSE.NS-2789-2641', 'NMDC.NS-78-76', 'MUTHOOTFIN.NS-3797-3754']",2026-01-30
201,271,436636.3529701233,640675.2556610107,1077311.608631134,4,"['INDUSTOWER.NS-431-411', 'IOC.NS-162-154', 'BSE.NS-2694-2641', 'NMDC.NS-79-76']",2026-02-02
202,272,291205.7498512268,800658.2532730103,1091864.003124237,5,"['INDUSTOWER.NS-438-411', 'IOC.NS-165-154', 'BSE.NS-2853-2641', 'NMDC.NS-79-76', 'NAZARA.NS-284-264']",2026-02-03
203,273,291205.7498512268,814830.4339447021,1106036.183795929,5,"['INDUSTOWER.NS-445-412', 'IOC.NS-170-158', 'BSE.NS-2888-2673', 'NMDC.NS-83-78', 'NAZARA.NS-278-264']",2026-02-04
204,274,291205.7498512268,813784.7687835693,1104990.5186347961,5,"['INDUSTOWER.NS-442-412', 'IOC.NS-173-161', 'BSE.NS-2884-2673', 'NMDC.NS-82-78', 'NAZARA.NS-276-264']",2026-02-05
205,275,291205.7498512268,803869.2601776123,1095075.010028839,5,"['INDUSTOWER.NS-443-412', 'IOC.NS-173-161', 'BSE.NS-2889-2673', 'NMDC.NS-81-78', 'NAZARA.NS-259-264']",2026-02-06
206,276,291205.7498512268,822603.4917602539,1113809.2416114807,5,"['INDUSTOWER.NS-456-422', 'IOC.NS-173-161', 'BSE.NS-2977-2754', 'NMDC.NS-81-78', 'NAZARA.NS-272-264']",2026-02-09
207,277,147905.15268325806,982795.3373336792,1130700.4900169373,6,"['INDUSTOWER.NS-459-425', 'IOC.NS-175-163', 'BSE.NS-3165-2929', 'NMDC.NS-82-78', 'NAZARA.NS-278-264', 'MCX.NS-2470-2286']",2026-02-10
208,278,173.69971084594727,1132865.7886276245,1133039.4883384705,7,"['INDUSTOWER.NS-467-433', 'IOC.NS-179-166', 'BSE.NS-3168-2932', 'NMDC.NS-82-78', 'NAZARA.NS-278-264', 'MCX.NS-2372-2286', 'MONARCH.NS-303-281']",2026-02-11
209,279,173.69971084594727,1131893.7278671265,1132067.4275779724,7,"['INDUSTOWER.NS-474-439', 'IOC.NS-175-166', 'BSE.NS-3134-2932', 'NMDC.NS-82-78', 'NAZARA.NS-277-264', 'MCX.NS-2441-2286', 'MONARCH.NS-300-281']",2026-02-12
210,280,173.69971084594727,1110094.8763961792,1110268.5761070251,7,"['INDUSTOWER.NS-466-439', 'IOC.NS-174-166', 'BSE.NS-3017-2932', 'NMDC.NS-79-78', 'NAZARA.NS-279-264', 'MCX.NS-2340-2286', 'MONARCH.NS-297-281']",2026-02-13
211,281,477.85629653930664,1097345.424293518,1097823.2805900574,7,"['INDUSTOWER.NS-473-439', 'IOC.NS-172-166', 'NMDC.NS-80-78', 'NAZARA.NS-275-264', 'MCX.NS-2339-2286', 'MONARCH.NS-291-281', 'SARDAEN.NS-504-467']",2026-02-16
212,282,477.85629653930664,1094976.8581695557,1095454.714466095,7,"['INDUSTOWER.NS-472-439', 'IOC.NS-173-166', 'NMDC.NS-79-78', 'NAZARA.NS-275-264', 'MCX.NS-2283-2286', 'MONARCH.NS-293-281', 'SARDAEN.NS-512-474']",2026-02-17
213,283,477.85629653930664,1104671.816268921,1105149.6725654602,7,"['INDUSTOWER.NS-477-442', 'IOC.NS-176-166', 'NMDC.NS-80-78', 'NAZARA.NS-276-264', 'MCX.NS-2341-2286', 'MONARCH.NS-291-281', 'SARDAEN.NS-510-474']",2026-02-18
214,284,477.85629653930664,1093601.3921813965,1094079.2484779358,7,"['INDUSTOWER.NS-472-442', 'IOC.NS-172-166', 'NMDC.NS-79-78', 'NAZARA.NS-272-264', 'MCX.NS-2361-2286', 'MONARCH.NS-288-281', 'SARDAEN.NS-510-474']",2026-02-19
215,285,477.85629653930664,1095827.7246627808,1096305.58095932,7,"['INDUSTOWER.NS-474-442', 'IOC.NS-171-166', 'NMDC.NS-80-78', 'NAZARA.NS-270-264', 'MCX.NS-2395-2286', 'MONARCH.NS-286-281', 'SARDAEN.NS-512-474']",2026-02-20
216,286,477.85629653930664,1096372.391204834,1096850.2475013733,7,"['INDUSTOWER.NS-472-442', 'IOC.NS-174-166', 'NMDC.NS-78-78', 'NAZARA.NS-272-264', 'MCX.NS-2396-2286', 'MONARCH.NS-285-281', 'SARDAEN.NS-511-474']",2026-02-23
217,287,477.85629653930664,1098617.4514465332,1099095.3077430725,7,"['INDUSTOWER.NS-469-442', 'IOC.NS-177-166', 'NMDC.NS-80-78', 'NAZARA.NS-269-264', 'MCX.NS-2395-2286', 'MONARCH.NS-276-281', 'SARDAEN.NS-519-481']",2026-02-24
218,288,477.85629653930664,1106833.1826324463,1107311.0389289856,7,"['INDUSTOWER.NS-461-442', 'IOC.NS-180-168', 'NMDC.NS-81-78', 'NAZARA.NS-267-264', 'MCX.NS-2449-2286', 'MONARCH.NS-279-281', 'SARDAEN.NS-532-493']",2026-02-25
219,289,477.85629653930664,1106308.4896087646,1106786.345905304,7,"['INDUSTOWER.NS-461-442', 'IOC.NS-184-171', 'NMDC.NS-82-78', 'NAZARA.NS-264-264', 'MCX.NS-2458-2286', 'MONARCH.NS-277-281', 'SARDAEN.NS-518-493']",2026-02-26
220,290,477.85629653930664,1111936.2186813354,1112414.0749778748,7,"['INDUSTOWER.NS-454-442', 'IOC.NS-185-172', 'NMDC.NS-81-78', 'NAZARA.NS-264-264', 'MCX.NS-2443-2286', 'MONARCH.NS-279-281', 'SARDAEN.NS-551-511']",2026-02-27
221,291,132370.3146095276,959557.1893692017,1091927.5039787292,6,"['INDUSTOWER.NS-448-442', 'IOC.NS-176-172', 'NMDC.NS-81-78', 'MCX.NS-2501-2314', 'SARDAEN.NS-544-511', 'SEAMECLTD.NS-1347-1247']",2026-03-02
222,292,132370.3146095276,930757.1835250854,1063127.498134613,6,"['INDUSTOWER.NS-442-442', 'IOC.NS-168-172', 'NMDC.NS-76-78', 'MCX.NS-2478-2314', 'SARDAEN.NS-521-511', 'SEAMECLTD.NS-1333-1247']",2026-03-04
223,293,304.3146095275879,1079992.2722167969,1080296.5868263245,7,"['INDUSTOWER.NS-451-442', 'IOC.NS-169-172', 'NMDC.NS-78-78', 'MCX.NS-2553-2362', 'SARDAEN.NS-542-511', 'SEAMECLTD.NS-1322-1247', 'PREMEXPLN.NS-506-469']",2026-03-05
224,294,2775.4561653137207,1081246.5384750366,1084021.9946403503,7,"['INDUSTOWER.NS-452-442', 'NMDC.NS-79-78', 'MCX.NS-2533-2362', 'SARDAEN.NS-553-512', 'SEAMECLTD.NS-1346-1247', 'PREMEXPLN.NS-507-470', 'THANGAMAYL.NS-3684-3409']",2026-03-06
225,295,2775.4561653137207,1059821.2752609253,1062596.731426239,7,"['INDUSTOWER.NS-438-442', 'NMDC.NS-79-78', 'MCX.NS-2577-2384', 'SARDAEN.NS-539-512', 'SEAMECLTD.NS-1326-1247', 'PREMEXPLN.NS-489-470', 'THANGAMAYL.NS-3560-3409']",2026-03-09
226,296,2775.4561653137207,1072662.015548706,1075437.4717140198,7,"['INDUSTOWER.NS-445-442', 'NMDC.NS-79-78', 'MCX.NS-2578-2385', 'SARDAEN.NS-544-512', 'SEAMECLTD.NS-1322-1247', 'PREMEXPLN.NS-490-470', 'THANGAMAYL.NS-3710-3432']",2026-03-10
227,297,2775.4561653137207,1054610.6039047241,1057386.0600700378,7,"['INDUSTOWER.NS-438-442', 'NMDC.NS-79-78', 'MCX.NS-2531-2385', 'SARDAEN.NS-544-512', 'SEAMECLTD.NS-1320-1247', 'PREMEXPLN.NS-479-470', 'THANGAMAYL.NS-3530-3432']",2026-03-11
228,298,2775.4561653137207,1061199.1981277466,1063974.6542930603,7,"['INDUSTOWER.NS-442-442', 'NMDC.NS-80-78', 'MCX.NS-2526-2385', 'SARDAEN.NS-550-512', 'SEAMECLTD.NS-1340-1247', 'PREMEXPLN.NS-474-470', 'THANGAMAYL.NS-3552-3432']",2026-03-12
229,299,376.5082893371582,1033852.3541564941,1034228.8624458313,7,"['NMDC.NS-78-78', 'MCX.NS-2498-2385', 'SARDAEN.NS-530-512', 'SEAMECLTD.NS-1323-1247', 'PREMEXPLN.NS-450-470', 'THANGAMAYL.NS-3494-3432', 'VMARCIND.NS-691-640']",2026-03-13
230,300,561.0561714172363,1023364.199005127,1023925.2551765442,7,"['NMDC.NS-77-78', 'MCX.NS-2555-2385', 'SARDAEN.NS-505-512', 'SEAMECLTD.NS-1375-1272', 'THANGAMAYL.NS-3438-3432', 'VMARCIND.NS-682-640', 'WHEELS.NS-914-847']",2026-03-16
231,301,561.0561714172363,1041092.4670715332,1041653.5232429504,7,"['NMDC.NS-79-78', 'MCX.NS-2671-2472', 'SARDAEN.NS-522-512', 'SEAMECLTD.NS-1355-1272', 'THANGAMAYL.NS-3485-3432', 'VMARCIND.NS-679-640', 'WHEELS.NS-948-878']",2026-03-17
232,302,561.0561714172363,1044551.4774246216,1045112.5335960388,7,"['NMDC.NS-79-78', 'MCX.NS-2603-2472', 'SARDAEN.NS-526-512', 'SEAMECLTD.NS-1380-1277', 'THANGAMAYL.NS-3491-3432', 'VMARCIND.NS-682-640', 'WHEELS.NS-967-896']",2026-03-18
233,303,561.0561714172363,1018529.321685791,1019090.3778572083,7,"['NMDC.NS-77-78', 'MCX.NS-2530-2472', 'SARDAEN.NS-509-512', 'SEAMECLTD.NS-1363-1277', 'THANGAMAYL.NS-3347-3432', 'VMARCIND.NS-654-640', 'WHEELS.NS-984-911']",2026-03-19
234,304,220.20051956176758,1018265.566986084,1018485.7675056458,7,"['NMDC.NS-79-78', 'MCX.NS-2414-2472', 'SARDAEN.NS-508-512', 'SEAMECLTD.NS-1379-1277', 'VMARCIND.NS-650-640', 'WHEELS.NS-1021-945', 'EBGNG.NS-380-352']",2026-03-20
235,305,266080.09816360474,706825.9848327637,972906.0829963684,5,"['NMDC.NS-75-78', 'SEAMECLTD.NS-1320-1277', 'VMARCIND.NS-607-640', 'WHEELS.NS-977-945', 'EBGNG.NS-374-352']",2026-03-23
236,306,387146.38286972046,613956.7125854492,1001103.0954551697,4,"['SEAMECLTD.NS-1377-1277', 'VMARCIND.NS-634-640', 'WHEELS.NS-1020-945', 'EBGNG.NS-390-361']",2026-03-24
237,307,1320.2947959899902,1015550.0545654297,1016870.3493614197,7,"['SEAMECLTD.NS-1421-1315', 'VMARCIND.NS-656-640', 'WHEELS.NS-1083-1003', 'EBGNG.NS-384-361', 'PNGJL.NS-565-523', 'SAILIFE.NS-1012-937', 'CHENNPETRO.NS-995-921']",2026-03-25
238,308,1320.2947959899902,977480.2260742188,978800.5208702087,7,"['SEAMECLTD.NS-1381-1315', 'VMARCIND.NS-602-640', 'WHEELS.NS-1075-1003', 'EBGNG.NS-370-361', 'PNGJL.NS-553-523', 'SAILIFE.NS-985-937', 'CHENNPETRO.NS-952-921']",2026-03-27
239,309,166705.79131698608,783932.9780883789,950638.769405365,6,"['SEAMECLTD.NS-1408-1315', 'WHEELS.NS-991-1003', 'EBGNG.NS-352-361', 'PNGJL.NS-530-523', 'SAILIFE.NS-972-937', 'CHENNPETRO.NS-959-921']",2026-03-30
240,310,16.356426239013672,971417.8931427002,971434.2495689392,7,"['SEAMECLTD.NS-1442-1335', 'WHEELS.NS-981-1003', 'EBGNG.NS-362-361', 'PNGJL.NS-561-523', 'SAILIFE.NS-976-937', 'CHENNPETRO.NS-1009-935', 'EMMVEE.NS-219-203']",2026-04-01
241,311,119172.9592704773,859564.7317047119,978737.6909751892,6,"['SEAMECLTD.NS-1495-1384', 'EBGNG.NS-368-361', 'PNGJL.NS-569-527', 'SAILIFE.NS-959-937', 'CHENNPETRO.NS-1032-955', 'EMMVEE.NS-217-203']",2026-04-02
242,312,119172.9592704773,855975.121963501,975148.0812339783,6,"['SEAMECLTD.NS-1480-1384', 'EBGNG.NS-367-361', 'PNGJL.NS-578-536', 'SAILIFE.NS-944-937', 'CHENNPETRO.NS-980-955', 'EMMVEE.NS-223-207']",2026-04-06
243,313,119172.9592704773,873158.4259490967,992331.385219574,6,"['SEAMECLTD.NS-1537-1423', 'EBGNG.NS-374-361', 'PNGJL.NS-599-555', 'SAILIFE.NS-945-937', 'CHENNPETRO.NS-968-955', 'EMMVEE.NS-230-214']",2026-04-07
244,314,119172.9592704773,876281.9557342529,995454.9150047302,6,"['SEAMECLTD.NS-1511-1423', 'EBGNG.NS-376-361', 'PNGJL.NS-615-570', 'SAILIFE.NS-973-937', 'CHENNPETRO.NS-989-955', 'EMMVEE.NS-223-214']",2026-04-08
245,315,119172.9592704773,875581.6568450928,994754.6161155701,6,"['SEAMECLTD.NS-1511-1423', 'EBGNG.NS-371-361', 'PNGJL.NS-618-573', 'SAILIFE.NS-978-937', 'CHENNPETRO.NS-983-955', 'EMMVEE.NS-224-214']",2026-04-09
246,316,119172.9592704773,903799.0520324707,1022972.011302948,6,"['SEAMECLTD.NS-1525-1423', 'EBGNG.NS-408-378', 'PNGJL.NS-635-588', 'SAILIFE.NS-999-937', 'CHENNPETRO.NS-973-955', 'EMMVEE.NS-231-215']",2026-04-10
247,317,119172.9592704773,909225.6334686279,1028398.5927391052,6,"['SEAMECLTD.NS-1514-1423', 'EBGNG.NS-418-387', 'PNGJL.NS-643-596', 'SAILIFE.NS-990-937', 'CHENNPETRO.NS-945-955', 'EMMVEE.NS-238-221']",2026-04-13
248,318,119172.9592704773,936050.807434082,1055223.7667045593,6,"['SEAMECLTD.NS-1565-1449', 'EBGNG.NS-423-392', 'PNGJL.NS-658-610', 'SAILIFE.NS-981-937', 'CHENNPETRO.NS-971-955', 'EMMVEE.NS-256-238']",2026-04-15
249,319,119172.9592704773,934089.6016235352,1053262.5608940125,6,"['SEAMECLTD.NS-1548-1449', 'EBGNG.NS-416-392', 'PNGJL.NS-662-613', 'SAILIFE.NS-972-937', 'CHENNPETRO.NS-980-955', 'EMMVEE.NS-259-240']",2026-04-16
250,320,119172.9592704773,953185.7442932129,1072358.7035636902,6,"['SEAMECLTD.NS-1555-1449', 'EBGNG.NS-426-395', 'PNGJL.NS-667-618', 'SAILIFE.NS-971-937', 'CHENNPETRO.NS-1041-964', 'EMMVEE.NS-265-246']",2026-04-17
251,321,1018.7085380554199,1056596.4893188477,1057615.197856903,7,"['SEAMECLTD.NS-1559-1449', 'EBGNG.NS-412-395', 'PNGJL.NS-670-620', 'SAILIFE.NS-959-937', 'CHENNPETRO.NS-1007-964', 'EMMVEE.NS-261-246', 'COROMANDEL.NS-2072-1918']",2026-04-20
252,322,1018.7085380554199,1054569.0391845703,1055587.7477226257,7,"['SEAMECLTD.NS-1519-1449', 'EBGNG.NS-415-395', 'PNGJL.NS-667-620', 'SAILIFE.NS-958-937', 'CHENNPETRO.NS-1022-964', 'EMMVEE.NS-261-246', 'COROMANDEL.NS-2053-1918']",2026-04-21
253,323,1018.7085380554199,1050876.3919677734,1051895.1005058289,7,"['SEAMECLTD.NS-1517-1449', 'EBGNG.NS-374-395', 'PNGJL.NS-673-624', 'SAILIFE.NS-1006-937', 'CHENNPETRO.NS-1071-992', 'EMMVEE.NS-264-246', 'COROMANDEL.NS-2032-1918']",2026-04-22
254,324,166083.3112602234,897724.3698120117,1063807.681072235,6,"['SEAMECLTD.NS-1544-1449', 'PNGJL.NS-671-624', 'SAILIFE.NS-1041-964', 'CHENNPETRO.NS-1069-992', 'EMMVEE.NS-273-254', 'COROMANDEL.NS-2037-1918']",2026-04-23
255,325,163.00803756713867,1038345.0303039551,1038508.0383415222,7,"['SEAMECLTD.NS-1524-1449', 'PNGJL.NS-666-624', 'SAILIFE.NS-1024-964', 'CHENNPETRO.NS-1035-992', 'EMMVEE.NS-256-254', 'COROMANDEL.NS-1993-1918', 'TATATECH.NS-560-519']",2026-04-24
256,326,163.00803756713867,1058140.8859558105,1058303.8939933777,7,"['SEAMECLTD.NS-1555-1449', 'PNGJL.NS-674-625', 'SAILIFE.NS-1067-988', 'CHENNPETRO.NS-997-992', 'EMMVEE.NS-263-254', 'COROMANDEL.NS-2029-1918', 'TATATECH.NS-583-541']",2026-04-27
257,327,163.00803756713867,1061061.9391784668,1061224.947216034,7,"['SEAMECLTD.NS-1535-1449', 'PNGJL.NS-670-625', 'SAILIFE.NS-1047-988', 'CHENNPETRO.NS-1072-992', 'EMMVEE.NS-272-254', 'COROMANDEL.NS-2008-1918', 'TATATECH.NS-561-541']",2026-04-28
258,328,163.00803756713867,1088397.3636779785,1088560.3717155457,7,"['SEAMECLTD.NS-1571-1455', 'PNGJL.NS-668-625', 'SAILIFE.NS-1055-988', 'CHENNPETRO.NS-1139-1055', 'EMMVEE.NS-290-270', 'COROMANDEL.NS-2005-1918', 'TATATECH.NS-563-541']",2026-04-29
259,329,163.00803756713867,1066895.688079834,1067058.6961174011,7,"['SEAMECLTD.NS-1592-1473', 'PNGJL.NS-653-625', 'SAILIFE.NS-1069-990', 'CHENNPETRO.NS-1128-1055', 'EMMVEE.NS-262-270', 'COROMANDEL.NS-1979-1918', 'TATATECH.NS-572-541']",2026-04-30
260,330,199849.40339279175,867209.2927246094,1067058.6961174011,6,"['SEAMECLTD.NS-1592-1473', 'PNGJL.NS-653-625', 'SAILIFE.NS-1069-990', 'CHENNPETRO.NS-1128-1055', 'COROMANDEL.NS-1979-1918', 'TATATECH.NS-572-541']",2026-05-01
261,331,149.88279342651367,1073372.144744873,1073522.0275382996,7,"['SEAMECLTD.NS-1576-1473', 'PNGJL.NS-674-625', 'SAILIFE.NS-1081-1001', 'CHENNPETRO.NS-1111-1055', 'COROMANDEL.NS-1998-1918', 'TATATECH.NS-582-541', 'V2RETAIL.NS-203-189']",2026-05-04
262,332,149.88279342651367,1078802.4559020996,1078952.3386955261,7,"['SEAMECLTD.NS-1557-1473', 'PNGJL.NS-689-638', 'SAILIFE.NS-1081-1001', 'CHENNPETRO.NS-1082-1055', 'COROMANDEL.NS-2009-1918', 'TATATECH.NS-614-569', 'V2RETAIL.NS-200-189']",2026-05-05
263,333,149.88279342651367,1085988.7917785645,1086138.674571991,7,"['SEAMECLTD.NS-1537-1473', 'PNGJL.NS-697-646', 'SAILIFE.NS-1079-1001', 'CHENNPETRO.NS-1072-1055', 'COROMANDEL.NS-2016-1918', 'TATATECH.NS-618-572', 'V2RETAIL.NS-208-193']",2026-05-06
264,334,149.88279342651367,1097925.1999206543,1098075.0827140808,7,"['SEAMECLTD.NS-1558-1473', 'PNGJL.NS-711-658', 'SAILIFE.NS-1089-1008', 'CHENNPETRO.NS-1076-1055', 'COROMANDEL.NS-1963-1918', 'TATATECH.NS-619-574', 'V2RETAIL.NS-215-200']",2026-05-07
265,335,149.88279342651367,1101577.8440246582,1101727.7268180847,7,"['SEAMECLTD.NS-1501-1473', 'PNGJL.NS-727-674', 'SAILIFE.NS-1115-1032', 'CHENNPETRO.NS-1076-1055', 'COROMANDEL.NS-1925-1918', 'TATATECH.NS-621-575', 'V2RETAIL.NS-219-204']",2026-05-08
266,336,149.88279342651367,1079727.319946289,1079877.2027397156,7,"['SEAMECLTD.NS-1515-1473', 'PNGJL.NS-662-674', 'SAILIFE.NS-1126-1042', 'CHENNPETRO.NS-1051-1055', 'COROMANDEL.NS-1864-1918', 'TATATECH.NS-621-575', 'V2RETAIL.NS-216-204']",2026-05-11
267,337,249814.34983444214,807170.444519043,1056984.794353485,5,"['SEAMECLTD.NS-1480-1473', 'SAILIFE.NS-1083-1042', 'CHENNPETRO.NS-1009-1055', 'TATATECH.NS-606-575', 'V2RETAIL.NS-220-204']",2026-05-12
268,338,807.5030326843262,1082015.6487731934,1082823.1518058777,7,"['SEAMECLTD.NS-1511-1473', 'SAILIFE.NS-1085-1042', 'CHENNPETRO.NS-1027-1055', 'TATATECH.NS-616-575', 'V2RETAIL.NS-237-220', 'RUBICON.NS-948-878', 'GENUSPOWER.NS-313-290']",2026-05-13
269,339,61.40684127807617,1074469.8565979004,1074531.2634391785,7,"['SEAMECLTD.NS-1487-1473', 'SAILIFE.NS-1112-1042', 'TATATECH.NS-613-575', 'V2RETAIL.NS-229-220', 'RUBICON.NS-956-885', 'GENUSPOWER.NS-308-290', 'EBGNG.NS-428-396']",2026-05-14
270,340,61.40684127807617,1072389.3872375488,1072450.794078827,7,"['SEAMECLTD.NS-1517-1473', 'SAILIFE.NS-1090-1042', 'TATATECH.NS-611-575', 'V2RETAIL.NS-228-220', 'RUBICON.NS-960-889', 'GENUSPOWER.NS-313-291', 'EBGNG.NS-419-396']",2026-05-15
271,341,61.40684127807617,1067480.6217041016,1067542.0285453796,7,"['SEAMECLTD.NS-1492-1473', 'SAILIFE.NS-1113-1042', 'TATATECH.NS-619-575', 'V2RETAIL.NS-217-220', 'RUBICON.NS-997-923', 'GENUSPOWER.NS-304-291', 'EBGNG.NS-424-396']",2026-05-18
272,342,61.40684127807617,1093682.3942260742,1093743.8010673523,7,"['SEAMECLTD.NS-1561-1473', 'SAILIFE.NS-1125-1042', 'TATATECH.NS-658-610', 'V2RETAIL.NS-226-220', 'RUBICON.NS-984-923', 'GENUSPOWER.NS-309-291', 'EBGNG.NS-417-396']",2026-05-19
273,343,61.40684127807617,1107173.990234375,1107235.397075653,7,"['SEAMECLTD.NS-1617-1496', 'SAILIFE.NS-1141-1056', 'TATATECH.NS-664-615', 'V2RETAIL.NS-227-220', 'RUBICON.NS-986-923', 'GENUSPOWER.NS-309-291', 'EBGNG.NS-426-396']",2026-05-20
274,344,61.40684127807617,1109849.1362609863,1109910.5431022644,7,"['SEAMECLTD.NS-1587-1496', 'SAILIFE.NS-1138-1056', 'TATATECH.NS-654-615', 'V2RETAIL.NS-231-220', 'RUBICON.NS-969-923', 'GENUSPOWER.NS-313-291', 'EBGNG.NS-443-411']",2026-05-21
275,345,61.40684127807617,1113342.356842041,1113403.763683319,7,"['SEAMECLTD.NS-1607-1496', 'SAILIFE.NS-1113-1056', 'TATATECH.NS-661-615', 'V2RETAIL.NS-233-220', 'RUBICON.NS-949-923', 'GENUSPOWER.NS-318-295', 'EBGNG.NS-449-416']",2026-05-22
276,346,61.40684127807617,1131417.9036560059,1131479.310497284,7,"['SEAMECLTD.NS-1631-1510', 'SAILIFE.NS-1175-1088', 'TATATECH.NS-667-618', 'V2RETAIL.NS-238-221', 'RUBICON.NS-944-923', 'GENUSPOWER.NS-324-301', 'EBGNG.NS-445-416']",2026-05-25
277,347,61.40684127807617,1135720.6770629883,1135782.0839042664,7,"['SEAMECLTD.NS-1595-1510', 'SAILIFE.NS-1141-1088', 'TATATECH.NS-695-644', 'V2RETAIL.NS-238-221', 'RUBICON.NS-977-923', 'GENUSPOWER.NS-325-302', 'EBGNG.NS-443-416']",2026-05-26
278,348,61.40684127807617,1134572.9485778809,1134634.355419159,7,"['SEAMECLTD.NS-1633-1512', 'SAILIFE.NS-1131-1088', 'TATATECH.NS-708-656', 'V2RETAIL.NS-236-221', 'RUBICON.NS-967-923', 'GENUSPOWER.NS-318-302', 'EBGNG.NS-439-416']",2026-05-27
279,349,61.40684127807617,1134572.9485778809,1134634.355419159,7,"['SEAMECLTD.NS-1633-1512', 'SAILIFE.NS-1131-1088', 'TATATECH.NS-708-656', 'V2RETAIL.NS-236-221', 'RUBICON.NS-967-923', 'GENUSPOWER.NS-318-302', 'EBGNG.NS-439-416']",2026-05-28
280,350,61.40684127807617,1128816.2020874023,1128877.6089286804,7,"['SEAMECLTD.NS-1614-1512', 'SAILIFE.NS-1160-1088', 'TATATECH.NS-694-656', 'V2RETAIL.NS-230-221', 'RUBICON.NS-1005-931', 'GENUSPOWER.NS-313-302', 'EBGNG.NS-438-416']",2026-05-29
281,351,61.40684127807617,1161725.029724121,1161786.4365653992,7,"['SEAMECLTD.NS-1624-1512', 'SAILIFE.NS-1145-1088', 'TATATECH.NS-703-656', 'V2RETAIL.NS-244-226', 'RUBICON.NS-1171-1084', 'GENUSPOWER.NS-309-302', 'EBGNG.NS-428-416']",2026-06-01
282,352,61.40684127807617,1185296.5372924805,1185357.9441337585,7,"['SEAMECLTD.NS-1643-1521', 'SAILIFE.NS-1128-1088', 'TATATECH.NS-726-673', 'V2RETAIL.NS-240-226', 'RUBICON.NS-1302-1205', 'GENUSPOWER.NS-309-302', 'EBGNG.NS-441-416']",2026-06-02
283,353,61.40684127807617,1184446.6650390625,1184508.0718803406,7,"['SEAMECLTD.NS-1617-1521', 'SAILIFE.NS-1137-1088', 'TATATECH.NS-719-673', 'V2RETAIL.NS-245-228', 'RUBICON.NS-1272-1205', 'GENUSPOWER.NS-313-302', 'EBGNG.NS-440-416']",2026-06-03
284,354,61.40684127807617,1210363.6024169922,1210425.0092582703,7,"['SEAMECLTD.NS-1634-1521', 'SAILIFE.NS-1159-1088', 'TATATECH.NS-737-682', 'V2RETAIL.NS-256-238', 'RUBICON.NS-1298-1205', 'GENUSPOWER.NS-314-302', 'EBGNG.NS-447-416']",2026-06-04
285,355,61.40684127807617,1184355.4945373535,1184416.9013786316,7,"['SEAMECLTD.NS-1586-1521', 'SAILIFE.NS-1186-1098', 'TATATECH.NS-759-703', 'V2RETAIL.NS-247-238', 'RUBICON.NS-1202-1205', 'GENUSPOWER.NS-308-302', 'EBGNG.NS-420-416']",2026-06-05
286,356,61.40684127807617,1166124.797027588,1166186.203868866,7,"['SEAMECLTD.NS-1600-1521', 'SAILIFE.NS-1194-1106', 'TATATECH.NS-767-711', 'V2RETAIL.NS-236-238', 'RUBICON.NS-1181-1205', 'GENUSPOWER.NS-300-302', 'EBGNG.NS-399-416']",2026-06-08
287,357,667.0047416687012,1166322.7344055176,1166989.7391471863,7,"['SEAMECLTD.NS-1612-1521', 'SAILIFE.NS-1229-1138', 'TATATECH.NS-733-711', 'V2RETAIL.NS-238-238', 'RUBICON.NS-1170-1205', 'GENUSPOWER.NS-303-302', 'NUVAMA.NS-1556-1441']",2026-06-09
288,358,667.0047416687012,1149702.9965820312,1150370.0013237,7,"['SEAMECLTD.NS-1584-1521', 'SAILIFE.NS-1188-1138', 'TATATECH.NS-746-711', 'V2RETAIL.NS-224-238', 'RUBICON.NS-1188-1205', 'GENUSPOWER.NS-308-302', 'NUVAMA.NS-1522-1441']",2026-06-10
289,359,187.4613151550293,1144677.3754882812,1144864.8368034363,7,"['SEAMECLTD.NS-1588-1521', 'SAILIFE.NS-1181-1138', 'TATATECH.NS-720-711', 'RUBICON.NS-1285-1205', 'GENUSPOWER.NS-309-302', 'NUVAMA.NS-1510-1441', 'WELCORP.NS-1384-1281']",2026-06-11
290,360,187.4613151550293,1170806.1274414062,1170993.5887565613,7,"['SEAMECLTD.NS-1583-1521', 'SAILIFE.NS-1218-1138', 'TATATECH.NS-749-711', 'RUBICON.NS-1295-1205', 'GENUSPOWER.NS-318-302', 'NUVAMA.NS-1588-1469', 'WELCORP.NS-1397-1293']",2026-06-12
291,361,187.4613151550293,1184818.0895996094,1185005.5509147644,7,"['SEAMECLTD.NS-1608-1521', 'SAILIFE.NS-1207-1138', 'TATATECH.NS-760-711', 'RUBICON.NS-1344-1244', 'GENUSPOWER.NS-320-302', 'NUVAMA.NS-1660-1537', 'WELCORP.NS-1375-1293']",2026-06-15
292,362,187.4613151550293,1184068.184753418,1184255.646068573,7,"['SEAMECLTD.NS-1575-1521', 'SAILIFE.NS-1206-1138', 'TATATECH.NS-758-711', 'RUBICON.NS-1351-1251', 'GENUSPOWER.NS-328-305', 'NUVAMA.NS-1660-1537', 'WELCORP.NS-1369-1293']",2026-06-16
293,363,187.4613151550293,1172406.7026367188,1172594.1639518738,7,"['SEAMECLTD.NS-1321-1521', 'SAILIFE.NS-1213-1138', 'TATATECH.NS-761-711', 'RUBICON.NS-1368-1266', 'GENUSPOWER.NS-329-305', 'NUVAMA.NS-1726-1598', 'WELCORP.NS-1389-1293']",2026-06-17
294,364,186.2636833190918,1162224.5529785156,1162410.8166618347,7,"['SAILIFE.NS-1206-1138', 'TATATECH.NS-753-711', 'RUBICON.NS-1307-1266', 'GENUSPOWER.NS-325-305', 'NUVAMA.NS-1720-1598', 'WELCORP.NS-1392-1293', 'HONASA.NS-406-377']",2026-06-18
295,365,186.2636833190918,1175924.6780395508,1176110.9417228699,7,"['SAILIFE.NS-1216-1138', 'TATATECH.NS-742-711', 'RUBICON.NS-1361-1266', 'GENUSPOWER.NS-324-305', 'NUVAMA.NS-1739-1610', 'WELCORP.NS-1418-1313', 'HONASA.NS-417-387']",2026-06-19
296,366,186.2636833190918,1175002.6872558594,1175188.9509391785,7,"['SAILIFE.NS-1201-1138', 'TATATECH.NS-752-711', 'RUBICON.NS-1376-1274', 'GENUSPOWER.NS-323-305', 'NUVAMA.NS-1740-1611', 'WELCORP.NS-1399-1313', 'HONASA.NS-415-387']",2026-06-22
297,367,186.2636833190918,1190686.003479004,1190872.267162323,7,"['SAILIFE.NS-1217-1138', 'TATATECH.NS-759-711', 'RUBICON.NS-1388-1285', 'GENUSPOWER.NS-345-320', 'NUVAMA.NS-1716-1611', 'WELCORP.NS-1411-1313', 'HONASA.NS-419-389']",2026-06-23
298,368,186.2636833190918,1186599.4598388672,1186785.7235221863,7,"['SAILIFE.NS-1205-1138', 'TATATECH.NS-748-711', 'RUBICON.NS-1392-1288', 'GENUSPOWER.NS-348-323', 'NUVAMA.NS-1736-1611', 'WELCORP.NS-1401-1313', 'HONASA.NS-415-389']",2026-06-24
299,369,186.2636833190918,1194901.3958740234,1195087.6595573425,7,"['SAILIFE.NS-1221-1138', 'TATATECH.NS-748-711', 'RUBICON.NS-1416-1311', 'GENUSPOWER.NS-334-323', 'NUVAMA.NS-1748-1618', 'WELCORP.NS-1450-1342', 'HONASA.NS-417-389']",2026-06-25
300,370,186.2636833190918,1194901.3958740234,1195087.6595573425,7,"['SAILIFE.NS-1221-1138', 'TATATECH.NS-748-711', 'RUBICON.NS-1416-1311', 'GENUSPOWER.NS-334-323', 'NUVAMA.NS-1748-1618', 'WELCORP.NS-1450-1342', 'HONASA.NS-417-389']",2026-06-26
301,371,186.2636833190918,1202216.7121582031,1202402.9758415222,7,"['SAILIFE.NS-1247-1155', 'TATATECH.NS-715-711', 'RUBICON.NS-1419-1314', 'GENUSPOWER.NS-318-323', 'NUVAMA.NS-1771-1639', 'WELCORP.NS-1505-1393', 'HONASA.NS-446-413']",2026-06-29
302,372,0.9612541198730469,1190795.4059448242,1190796.367198944,7,"['SAILIFE.NS-1234-1155', 'TATATECH.NS-684-711', 'RUBICON.NS-1402-1314', 'NUVAMA.NS-1806-1671', 'WELCORP.NS-1521-1408', 'HONASA.NS-457-424', 'KISSHT.NS-279-259']",2026-06-30
303,373,446.7174186706543,1177301.336303711,1177748.0537223816,7,"['SAILIFE.NS-1243-1155', 'RUBICON.NS-1368-1314', 'NUVAMA.NS-1788-1671', 'WELCORP.NS-1477-1408', 'HONASA.NS-466-432', 'KISSHT.NS-279-259', 'DPABHUSHAN.NS-947-877']",2026-07-01
304,374,446.7174186706543,1201755.9491271973,1202202.666545868,7,"['SAILIFE.NS-1238-1155', 'RUBICON.NS-1374-1314', 'NUVAMA.NS-1819-1683', 'WELCORP.NS-1498-1408', 'HONASA.NS-469-435', 'KISSHT.NS-316-294', 'DPABHUSHAN.NS-954-884']",2026-07-02
305,375,446.7174186706543,1189784.4137268066,1190231.1311454773,7,"['SAILIFE.NS-1257-1164', 'RUBICON.NS-1307-1314', 'NUVAMA.NS-1887-1746', 'WELCORP.NS-1439-1408', 'HONASA.NS-461-435', 'KISSHT.NS-311-294', 'DPABHUSHAN.NS-967-895']",2026-07-03
306,376,446.7174186706543,1212870.639465332,1213317.3568840027,7,"['SAILIFE.NS-1232-1164', 'RUBICON.NS-1362-1314', 'NUVAMA.NS-1869-1746', 'WELCORP.NS-1543-1428', 'HONASA.NS-468-435', 'KISSHT.NS-320-297', 'DPABHUSHAN.NS-958-895']",2026-07-06
307,377,446.7174186706543,1211088.5885620117,1211535.3059806824,7,"['SAILIFE.NS-1208-1164', 'RUBICON.NS-1379-1314', 'NUVAMA.NS-1917-1774', 'WELCORP.NS-1541-1428', 'HONASA.NS-464-435', 'KISSHT.NS-313-297', 'DPABHUSHAN.NS-958-895']",2026-07-07
308,378,446.7174186706543,1225264.412689209,1225711.1301078796,7,"['SAILIFE.NS-1208-1164', 'RUBICON.NS-1386-1314', 'NUVAMA.NS-1848-1774', 'WELCORP.NS-1529-1428', 'HONASA.NS-467-435', 'KISSHT.NS-302-297', 'DPABHUSHAN.NS-1076-996']",2026-07-08
309,379,446.7174186706543,1270723.4053955078,1271170.1228141785,7,"['SAILIFE.NS-1234-1164', 'RUBICON.NS-1407-1314', 'NUVAMA.NS-1934-1790', 'WELCORP.NS-1601-1482', 'HONASA.NS-471-437', 'KISSHT.NS-312-297', 'DPABHUSHAN.NS-1151-1065']",2026-07-09
310,380,446.7174186706543,1295540.484008789,1295987.2014274597,7,"['SAILIFE.NS-1265-1171', 'RUBICON.NS-1431-1325', 'NUVAMA.NS-1977-1830', 'WELCORP.NS-1612-1492', 'HONASA.NS-472-437', 'KISSHT.NS-320-297', 'DPABHUSHAN.NS-1193-1105']",2026-07-10
311,381,446.7174186706543,1288739.482635498,1289186.2000541687,7,"['SAILIFE.NS-1272-1177', 'RUBICON.NS-1438-1331', 'NUVAMA.NS-1919-1830', 'WELCORP.NS-1619-1499', 'HONASA.NS-472-437', 'KISSHT.NS-324-301', 'DPABHUSHAN.NS-1161-1105']",2026-07-13
312,382,446.7174186706543,1308743.8791809082,1309190.5965995789,7,"['SAILIFE.NS-1268-1177', 'RUBICON.NS-1491-1380', 'NUVAMA.NS-1933-1830', 'WELCORP.NS-1683-1558', 'HONASA.NS-474-439', 'KISSHT.NS-324-301', 'DPABHUSHAN.NS-1172-1105']",2026-07-14
313,383,446.7174186706543,1326875.7280578613,1327322.445476532,7,"['SAILIFE.NS-1263-1177', 'RUBICON.NS-1451-1380', 'NUVAMA.NS-1919-1830', 'WELCORP.NS-1680-1558', 'HONASA.NS-470-439', 'KISSHT.NS-321-301', 'DPABHUSHAN.NS-1307-1210']",2026-07-15
314,384,446.7174186706543,1325484.709564209,1325931.4269828796,7,"['SAILIFE.NS-1294-1198', 'RUBICON.NS-1419-1380', 'NUVAMA.NS-1846-1830', 'WELCORP.NS-1684-1558', 'HONASA.NS-470-439', 'KISSHT.NS-321-301', 'DPABHUSHAN.NS-1328-1229']",2026-07-16
315,385,446.7174186706543,1307104.7461242676,1307551.4635429382,7,"['SAILIFE.NS-1272-1198', 'RUBICON.NS-1439-1380', 'NUVAMA.NS-1863-1830', 'WELCORP.NS-1581-1558', 'HONASA.NS-466-439', 'KISSHT.NS-310-301', 'DPABHUSHAN.NS-1336-1236']",2026-07-17
316,386,446.7174186706543,1344351.3600463867,1344798.0774650574,7,"['SAILIFE.NS-1297-1200', 'RUBICON.NS-1511-1399', 'NUVAMA.NS-1854-1830', 'WELCORP.NS-1615-1558', 'HONASA.NS-457-439', 'KISSHT.NS-316-301', 'DPABHUSHAN.NS-1434-1327']",2026-07-20
317,387,446.7174186706543,1363278.0559082031,1363724.7733268738,7,"['SAILIFE.NS-1288-1200', 'RUBICON.NS-1516-1404', 'NUVAMA.NS-1891-1830', 'WELCORP.NS-1628-1558', 'HONASA.NS-451-439', 'KISSHT.NS-336-312', 'DPABHUSHAN.NS-1472-1362']",2026-07-21
318,388,446.7174186706543,1333374.2156982422,1333820.9331169128,7,"['SAILIFE.NS-1250-1200', 'RUBICON.NS-1466-1404', 'NUVAMA.NS-1882-1830', 'WELCORP.NS-1611-1558', 'HONASA.NS-456-439', 'KISSHT.NS-339-314', 'DPABHUSHAN.NS-1386-1362']",2026-07-22
319,389,446.7174186706543,1337111.2271118164,1337557.944530487,7,"['SAILIFE.NS-1240-1200', 'RUBICON.NS-1525-1411', 'NUVAMA.NS-1947-1830', 'WELCORP.NS-1612-1558', 'HONASA.NS-445-439', 'KISSHT.NS-345-321', 'DPABHUSHAN.NS-1350-1362']",2026-07-23
320,390,536.7318840026855,1329584.093536377,1330120.8254203796,7,"['SAILIFE.NS-1232-1200', 'RUBICON.NS-1520-1411', 'NUVAMA.NS-1980-1832', 'WELCORP.NS-1596-1558', 'HONASA.NS-448-439', 'KISSHT.NS-340-321', 'JYOTICNC.NS-795-736']",2026-07-24
321,391,536.7318840026855,1341650.60546875,1342187.3373527527,7,"['SAILIFE.NS-1287-1200', 'RUBICON.NS-1556-1440', 'NUVAMA.NS-1916-1832', 'WELCORP.NS-1599-1558', 'HONASA.NS-452-439', 'KISSHT.NS-342-321', 'JYOTICNC.NS-803-744']",2026-07-27
322,392,536.7318840026855,1339445.848083496,1339982.5799674988,7,"['SAILIFE.NS-1300-1203', 'RUBICON.NS-1535-1440', 'NUVAMA.NS-1808-1832', 'WELCORP.NS-1643-1558', 'HONASA.NS-452-439', 'KISSHT.NS-342-321', 'JYOTICNC.NS-806-746']",2026-07-28
323,393,536.7318840026855,1355207.348815918,1355744.0806999207,7,"['SAILIFE.NS-1315-1218', 'RUBICON.NS-1527-1440', 'NUVAMA.NS-1827-1832', 'WELCORP.NS-1697-1570', 'HONASA.NS-449-439', 'KISSHT.NS-343-321', 'JYOTICNC.NS-822-762']",2026-07-29
324,394,536.7318840026855,1326669.8881225586,1327206.6200065613,7,"['SAILIFE.NS-1315-1218', 'RUBICON.NS-1500-1440', 'NUVAMA.NS-1793-1832', 'WELCORP.NS-1655-1570', 'HONASA.NS-445-439', 'KISSHT.NS-317-321', 'JYOTICNC.NS-812-762']",2026-07-30
325,395,536.7318840026855,1325466.6465454102,1326003.3784294128,7,"['SAILIFE.NS-1315-1218', 'RUBICON.NS-1491-1440', 'NUVAMA.NS-1803-1832', 'WELCORP.NS-1650-1570', 'HONASA.NS-449-439', 'KISSHT.NS-317-321', 'JYOTICNC.NS-808-762']",2026-07-31
326,396,536.7318840026855,1354169.2152404785,1354705.9471244812,7,"['SAILIFE.NS-1333-1234', 'RUBICON.NS-1500-1440', 'NUVAMA.NS-1765-1832', 'WELCORP.NS-1715-1587', 'HONASA.NS-458-439', 'KISSHT.NS-313-321', 'JYOTICNC.NS-858-794']",2026-08-03
327,397,13569.127880096436,1345153.6989440918,1358722.8268241882,7,"['SAILIFE.NS-1366-1264', 'RUBICON.NS-1516-1440', 'WELCORP.NS-1736-1607', 'HONASA.NS-459-439', 'KISSHT.NS-313-321', 'JYOTICNC.NS-858-794', 'DIXON.NS-13988-12939']",2026-08-04
328,398,32.18085861206055,1364909.4825439453,1364941.6634025574,7,"['SAILIFE.NS-1363-1264', 'RUBICON.NS-1529-1440', 'WELCORP.NS-1769-1637', 'HONASA.NS-456-439', 'JYOTICNC.NS-868-803', 'DIXON.NS-14039-12987', 'PARADEEP.NS-146-136']",2026-08-05
